team,year,stadium,capacity,team_name,division,G,win_pct,gb,playoffs,attendance,bat_age,pitch_age,top_player,WAR,num_home_games,avg_att_pg
ANA,1997,Angel Stadium,33851,Anaheim Angels,AL West,162,0.519,6.0,0,1767330,29.7,28.3,T.Salmon,4.9,81.0,21818.8888889
ANA,1998,Angel Stadium,45050,Anaheim Angels,AL West,162,0.525,3.0,0,2519280,28.7,29.8,C.Finley,7.2,81.0,31102.2222222
ANA,1999,Angel Stadium,45050,Anaheim Angels,AL West,162,0.432,25.0,0,2253123,28.8,31.5,R.Velarde,4.2,81.0,27816.3333333
ANA,2000,Angel Stadium,45050,Anaheim Angels,AL West,162,0.506,9.5,0,2066982,27.7,28.9,D.Erstad,8.3,81.0,25518.2962963
ANA,2001,Angel Stadium,45050,Anaheim Angels,AL West,162,0.463,41.0,0,2000919,28.0,28.9,T.Glaus,5.2,81.0,24702.7037037
ANA,2002,Angel Stadium,45050,Anaheim Angels,AL West,162,0.611,4.0,2,2305547,28.5,30.2,D.Erstad,6.4,81.0,28463.5432099
ANA,2003,Angel Stadium,45050,Anaheim Angels,AL West,162,0.475,19.0,0,3061094,29.1,29.0,G.Anderson,4.0,81.0,37791.2839506
ANA,2004,Angel Stadium,45050,Anaheim Angels,AL West,162,0.568,0.0,1,3375677,28.9,29.0,V.Guerrero,5.6,81.0,41675.0246914
ARI,1998,Chase Field,48500,Arizona Diamondbacks,NL West,162,0.401,33.0,0,3610290,27.8,27.4,O.Daal,4.1,81.0,44571.4814815
ARI,1999,Chase Field,48500,Arizona Diamondbacks,NL West,162,0.617,0.0,1,3019654,30.0,30.6,R.Johnson,8.6,81.0,37279.6790123
ARI,2000,Chase Field,48500,Arizona Diamondbacks,NL West,162,0.525,12.0,0,2942251,30.8,31.6,R.Johnson,8.1,81.0,36324.0864198
ARI,2001,Chase Field,48500,Arizona Diamondbacks,NL West,162,0.568,0.0,2,2736451,31.9,30.9,R.Johnson,9.4,81.0,33783.345679
ARI,2002,Chase Field,49033,Arizona Diamondbacks,NL West,162,0.605,0.0,1,3198977,31.7,31.7,R.Johnson,10.5,81.0,39493.5432099
ARI,2003,Chase Field,49033,Arizona Diamondbacks,NL West,162,0.519,16.5,0,2805542,30.6,29.2,B.Webb,5.9,81.0,34636.3209877
ARI,2004,Chase Field,49033,Arizona Diamondbacks,NL West,162,0.315,42.0,0,2519560,28.9,29.3,R.Johnson,8.2,81.0,31105.6790123
ARI,2005,Chase Field,49033,Arizona Diamondbacks,NL West,162,0.475,5.0,0,2059424,30.3,27.4,C.Counsell,5.5,81.0,25424.9876543
ARI,2006,Chase Field,49033,Arizona Diamondbacks,NL West,162,0.469,12.0,0,2091685,29.6,28.8,B.Webb,7.0,81.0,25823.2716049
ARI,2007,Chase Field,49033,Arizona Diamondbacks,NL West,162,0.556,0.0,1,2325249,26.6,28.2,B.Webb,5.9,81.0,28706.7777778
ARI,2008,Chase Field,48711,Arizona Diamondbacks,NL West,162,0.506,2.0,0,2509924,26.7,29.4,D.Haren,6.5,81.0,30986.7160494
ARI,2009,Chase Field,48652,Arizona Diamondbacks,NL West,162,0.432,25.0,0,2128765,26.5,27.7,D.Haren,7.1,81.0,26281.0493827
ARI,2010,Chase Field,48652,Arizona Diamondbacks,NL West,162,0.401,27.0,0,2056697,26.8,27.9,C.Young,5.4,81.0,25391.3209877
ARI,2011,Chase Field,48633,Arizona Diamondbacks,NL West,162,0.58,0.0,1,2105432,28.2,27.4,J.Upton,6.1,81.0,25992.9876543
ARI,2012,Chase Field,48633,Arizona Diamondbacks,NL West,162,0.5,13.0,0,2177617,28.3,27.4,A.Hill,5.0,81.0,26884.1604938
ARI,2013,Chase Field,48633,Arizona Diamondbacks,NL West,162,0.5,11.0,0,2134895,28.1,27.6,P.Goldschmidt,7.1,81.0,26356.7283951
ARI,2014,Chase Field,48633,Arizona Diamondbacks,NL West,162,0.395,30.0,0,2073730,27.6,28.0,P.Goldschmidt,4.5,81.0,25601.6049383
ARI,2015,Chase Field,48519,Arizona Diamondbacks,NL West,162,0.488,13.0,0,2080145,26.6,27.1,P.Goldschmidt,8.7,81.0,25680.8024691
ARI,2016,Chase Field,48519,Arizona Diamondbacks,NL West,162,0.426,22.0,0,2036216,26.7,26.4,J.Segura,5.5,81.0,25138.4691358
ATL,1990,Fulton County Stadium,52007,Atlanta Braves,NL West,162,0.401,26.0,0,980129,27.4,25.8,R.Gant,5.5,76.0,12896.4342105
ATL,1991,Fulton County Stadium,52007,Atlanta Braves,NL West,162,0.58,0.0,1,2140217,28.0,27.1,T.Glavine,9.3,78.0,27438.6794872
ATL,1992,Fulton County Stadium,52013,Atlanta Braves,NL West,162,0.605,0.0,1,3077400,28.4,27.5,T.Pendleton,4.9,80.0,38467.5
ATL,1993,Fulton County Stadium,52013,Atlanta Braves,NL West,162,0.642,0.0,1,3884720,28.8,26.8,R.Gant,6.5,81.0,47959.5061728
ATL,1994,Fulton County Stadium,52013,Atlanta Braves,NL East,114,0.596,6.0,0,2539240,28.2,27.4,G.Maddux,8.7,54.0,47022.962963
ATL,1995,Fulton County Stadium,52710,Atlanta Braves,NL East,144,0.625,0.0,2,2561831,27.9,27.4,G.Maddux,9.6,72.0,35580.9861111
ATL,1996,Fulton County Stadium,52763,Atlanta Braves,NL East,162,0.593,0.0,1,2901242,27.9,27.9,J.Smoltz,7.7,81.0,35817.8024691
ATL,1997,Turner Field,50528,Atlanta Braves,NL East,162,0.623,0.0,1,3464488,27.9,28.5,G.Maddux,7.7,81.0,42771.4567901
ATL,1998,Turner Field,49714,Atlanta Braves,NL East,162,0.654,0.0,1,3360860,28.9,29.5,A.Jones,7.4,81.0,41492.0987654
ATL,1999,Turner Field,49714,Atlanta Braves,NL East,162,0.636,0.0,1,3284897,29.6,28.6,A.Jones,7.1,81.0,40554.2839506
ATL,2000,Turner Field,49714,Atlanta Braves,NL East,162,0.586,0.0,1,3234304,30.7,31.4,A.Jones,8.2,81.0,39929.6790123
ATL,2001,Turner Field,50096,Atlanta Braves,NL East,162,0.543,0.0,1,2823530,30.3,31.1,C.Jones,5.9,81.0,34858.3950617
ATL,2002,Turner Field,50096,Atlanta Braves,NL East,161,0.631,0.0,1,2603484,30.6,31.1,A.Jones,6.6,81.0,32141.7777778
ATL,2003,Turner Field,50096,Atlanta Braves,NL East,162,0.623,0.0,1,2401084,30.3,31.1,M.Giles,7.8,79.0,30393.4683544
ATL,2004,Turner Field,50096,Atlanta Braves,NL East,162,0.593,0.0,1,2327565,28.9,30.1,J.Drew,8.3,79.0,29462.8481013
ATL,2005,Turner Field,50096,Atlanta Braves,NL East,162,0.556,0.0,1,2521167,28.1,28.6,A.Jones,6.7,80.0,31514.5875
ATL,2006,Turner Field,50096,Atlanta Braves,NL East,162,0.488,18.0,0,2550524,27.5,29.4,J.Smoltz,5.9,80.0,31881.55
ATL,2007,Turner Field,50096,Atlanta Braves,NL East,162,0.519,5.0,0,2745207,27.7,29.4,C.Jones,7.6,81.0,33891.4444444
ATL,2008,Turner Field,49743,Atlanta Braves,NL East,162,0.444,20.0,0,2532834,27.2,28.6,C.Jones,7.3,81.0,31269.5555556
ATL,2009,Turner Field,49743,Atlanta Braves,NL East,162,0.531,7.0,0,2373631,28.8,28.9,J.Jurrjens,6.8,81.0,29304.0864198
ATL,2010,Turner Field,49743,Atlanta Braves,NL East,162,0.562,6.0,1,2510119,28.6,30.1,J.Heyward,6.4,81.0,30989.1234568
ATL,2011,Turner Field,49586,Atlanta Braves,NL East,162,0.549,13.0,0,2372940,28.9,28.4,E.O'Flaherty,3.4,79.0,30037.2151899
ATL,2012,Turner Field,49586,Atlanta Braves,NL East,162,0.58,4.0,1,2420171,28.5,27.6,M.Bourn,6.1,81.0,29878.654321
ATL,2013,Turner Field,49586,Atlanta Braves,NL East,162,0.593,0.0,1,2548679,26.8,27.2,A.Simmons,7.0,81.0,31465.1728395
ATL,2014,Turner Field,49586,Atlanta Braves,NL East,162,0.488,17.0,0,2354305,26.8,27.3,J.Heyward,6.4,81.0,29065.4938272
ATL,2015,Turner Field,49586,Atlanta Braves,NL East,162,0.414,23.0,0,2001392,28.8,26.6,A.Simmons,3.9,80.0,25017.4
ATL,2016,Turner Field,49586,Atlanta Braves,NL East,161,0.422,26.5,0,2020914,28.9,26.4,F.Freeman,6.4,81.0,24949.5555556
BAL,1990,Memorial Stadium,54017,Baltimore Orioles,AL East,161,0.472,11.5,0,2415189,27.3,26.2,C.Ripken,7.5,79.0,30572.0126582
BAL,1991,Memorial Stadium,53371,Baltimore Orioles,AL East,162,0.414,24.0,0,2552753,28.3,27.4,C.Ripken,11.5,79.0,32313.3291139
BAL,1992,Oriole Park,48041,Baltimore Orioles,AL East,162,0.549,7.0,0,3567819,28.5,27.9,M.Mussina,8.3,80.0,44597.7375
BAL,1993,Oriole Park,48041,Baltimore Orioles,AL East,162,0.525,10.0,0,3644965,29.4,28.4,C.Hoiles,6.8,80.0,45562.0625
BAL,1994,Oriole Park,48041,Baltimore Orioles,AL East,112,0.563,6.5,0,2535359,30.2,29.1,M.Mussina,5.4,54.0,46951.0925926
BAL,1995,Oriole Park,48041,Baltimore Orioles,AL East,144,0.493,15.0,0,3098475,30.1,29.3,M.Mussina,6.1,72.0,43034.375
BAL,1996,Oriole Park,48041,Baltimore Orioles,AL East,163,0.543,4.0,1,3646950,31.1,28.9,B.Anderson,6.9,81.0,45024.0740741
BAL,1997,Oriole Park,48079,Baltimore Orioles,AL East,162,0.605,0.0,1,3711132,31.6,30.7,M.Mussina,5.6,80.0,46389.15
BAL,1998,Oriole Park,48079,Baltimore Orioles,AL East,162,0.488,35.0,0,3684650,33.1,30.5,R.Palmeiro,6.2,81.0,45489.5061728
BAL,1999,Oriole Park,48079,Baltimore Orioles,AL East,162,0.481,20.0,0,3433150,32.5,30.1,B.Anderson,5.9,80.0,42914.375
BAL,2000,Oriole Park,48079,Baltimore Orioles,AL East,162,0.457,13.5,0,3297031,32.0,29.1,M.Mussina,5.6,81.0,40704.0864198
BAL,2001,Oriole Park,48190,Baltimore Orioles,AL East,162,0.391,32.5,0,3094841,30.1,27.6,J.Conine,2.9,80.0,38685.5125
BAL,2002,Oriole Park,48190,Baltimore Orioles,AL East,162,0.414,36.5,0,2682439,29.2,27.8,M.Mora,4.7,81.0,33116.5308642
BAL,2003,Oriole Park,48190,Baltimore Orioles,AL East,163,0.438,30.0,0,2454523,29.3,29.2,M.Mora,4.7,81.0,30302.7530864
BAL,2004,Oriole Park,48190,Baltimore Orioles,AL East,162,0.481,23.0,0,2744018,30.4,27.4,M.Tejada,7.3,80.0,34300.225
BAL,2005,Oriole Park,48290,Baltimore Orioles,AL East,162,0.457,21.0,0,2624740,31.3,28.3,B.Roberts,7.2,81.0,32404.1975309
BAL,2006,Oriole Park,48290,Baltimore Orioles,AL East,162,0.432,27.0,0,2153139,30.3,27.9,M.Tejada,4.5,81.0,26581.962963
BAL,2007,Oriole Park,48290,Baltimore Orioles,AL East,162,0.426,27.0,0,2164822,30.4,29.0,E.Bedard,5.8,80.0,27060.275
BAL,2008,Oriole Park,48290,Baltimore Orioles,AL East,161,0.422,28.5,0,1950075,30.0,27.9,N.Markakis,7.4,78.0,25000.9615385
BAL,2009,Oriole Park,48290,Baltimore Orioles,AL East,162,0.395,39.0,0,1907163,28.7,28.1,B.Bergesen,3.3,81.0,23545.2222222
BAL,2010,Oriole Park,48290,Baltimore Orioles,AL East,162,0.407,30.0,0,1733019,28.7,28.4,J.Guthrie,4.5,80.0,21662.7375
BAL,2011,Oriole Park,45971,Baltimore Orioles,AL East,162,0.426,28.0,0,1755461,28.3,28.2,M.Wieters,4.9,80.0,21943.2625
BAL,2012,Oriole Park,45971,Baltimore Orioles,AL East,162,0.574,2.0,1,2102240,28.0,27.6,A.Jones,3.8,79.0,26610.6329114
BAL,2013,Oriole Park,45971,Baltimore Orioles,AL East,162,0.525,12.0,0,2357561,27.8,27.9,M.Machado,6.7,81.0,29105.691358
BAL,2014,Oriole Park,45971,Baltimore Orioles,AL East,162,0.593,0.0,1,2464473,28.3,27.7,S.Pearce,5.8,80.0,30805.9125
BAL,2015,Oriole Park,45971,Baltimore Orioles,AL East,162,0.5,12.0,0,2281202,27.9,28.3,M.Machado,7.1,75.0,30416.0266667
BAL,2016,Oriole Park,45971,Baltimore Orioles,AL East,162,0.549,4.0,1,2172344,28.5,27.9,M.Machado,6.7,81.0,26819.0617284
BOS,1990,Fenway Park,34182,Boston Red Sox,AL East,162,0.543,0.0,1,2528986,29.1,30.6,R.Clemens,10.5,80.0,31612.325
BOS,1991,Fenway Park,34171,Boston Red Sox,AL East,162,0.519,7.0,0,2562435,29.1,30.8,R.Clemens,8.0,81.0,31635.0
BOS,1992,Fenway Park,33925,Boston Red Sox,AL East,162,0.451,23.0,0,2468574,28.9,31.5,R.Clemens,8.8,78.0,31648.3846154
BOS,1993,Fenway Park,34218,Boston Red Sox,AL East,162,0.494,15.0,0,2422021,29.7,30.6,D.Darwin,5.7,80.0,30275.2625
BOS,1994,Fenway Park,34218,Boston Red Sox,AL East,115,0.47,17.0,0,1775818,29.9,30.2,R.Clemens,6.0,61.0,29111.7704918
BOS,1995,Fenway Park,33871,Boston Red Sox,AL East,144,0.597,0.0,1,2164410,28.6,29.1,J.Valentin,8.3,72.0,30061.25
BOS,1996,Fenway Park,33871,Boston Red Sox,AL East,162,0.525,7.0,0,2315231,28.4,28.7,R.Clemens,7.8,81.0,28583.0987654
BOS,1997,Fenway Park,33871,Boston Red Sox,AL East,162,0.481,20.0,0,2226136,28.0,27.8,N.Garciaparra,6.6,80.0,27826.7
BOS,1998,Fenway Park,33871,Boston Red Sox,AL East,162,0.568,22.0,1,2314704,28.9,29.5,P.Martinez,7.2,80.0,28933.8
BOS,1999,Fenway Park,33871,Boston Red Sox,AL East,162,0.58,4.0,1,2446162,28.9,30.1,P.Martinez,9.8,81.0,30199.5308642
BOS,2000,Fenway Park,33871,Boston Red Sox,AL East,162,0.525,2.5,0,2585895,29.4,30.2,P.Martinez,11.7,81.0,31924.6296296
BOS,2001,Fenway Park,33993,Boston Red Sox,AL East,161,0.509,13.5,0,2625333,30.0,30.9,M.Ramirez,5.2,81.0,32411.5185185
BOS,2002,Fenway Park,33993,Boston Red Sox,AL East,162,0.574,10.5,0,2650862,30.0,31.1,D.Lowe,7.3,81.0,32726.691358
BOS,2003,Fenway Park,34898,Boston Red Sox,AL East,162,0.586,6.0,1,2724165,29.8,31.2,P.Martinez,8.0,81.0,33631.6666667
BOS,2004,Fenway Park,35095,Boston Red Sox,AL East,162,0.605,3.0,2,2837294,30.6,32.5,C.Schilling,7.8,81.0,35028.3209877
BOS,2005,Fenway Park,35095,Boston Red Sox,AL East,162,0.586,0.0,1,2847888,31.5,33.6,D.Ortiz,5.3,81.0,35159.1111111
BOS,2006,Fenway Park,36108,Boston Red Sox,AL East,162,0.531,11.0,0,2930588,30.5,31.1,D.Ortiz,5.7,81.0,36180.0987654
BOS,2007,Fenway Park,36525,Boston Red Sox,AL East,162,0.593,0.0,2,2970755,30.2,31.1,J.Beckett,6.5,81.0,36675.9876543
BOS,2008,Fenway Park,37373,Boston Red Sox,AL East,162,0.586,2.0,1,3048250,29.8,29.2,D.Pedroia,6.9,81.0,37632.7160494
BOS,2009,Fenway Park,37400,Boston Red Sox,AL East,162,0.586,8.0,1,3062699,30.0,29.8,K.Youkilis,6.6,81.0,37811.0987654
BOS,2010,Fenway Park,37402,Boston Red Sox,AL East,162,0.549,7.0,0,3046445,30.8,29.6,A.Beltre,7.8,81.0,37610.4320988
BOS,2011,Fenway Park,37493,Boston Red Sox,AL East,162,0.556,7.0,0,3054001,30.0,30.3,J.Ellsbury,8.1,81.0,37703.7160494
BOS,2012,Fenway Park,37495,Boston Red Sox,AL East,162,0.426,26.0,0,3043003,29.4,28.7,D.Pedroia,5.1,81.0,37567.9382716
BOS,2013,Fenway Park,37499,Boston Red Sox,AL East,162,0.599,0.0,2,2833333,29.7,30.2,D.Pedroia,6.3,81.0,34979.4197531
BOS,2014,Fenway Park,37499,Boston Red Sox,AL East,162,0.438,25.0,0,2956089,29.3,29.9,D.Pedroia,4.7,81.0,36494.9259259
BOS,2015,Fenway Park,37673,Boston Red Sox,AL East,162,0.481,15.0,0,2880694,28.4,28.6,M.Betts,5.8,81.0,35564.1234568
BOS,2016,Fenway Park,37949,Boston Red Sox,AL East,162,0.574,0.0,1,2955434,28.6,29.0,M.Betts,9.4,81.0,36486.8395062
CAL,1990,Angel Stadium,64593,California Angels,AL West,162,0.494,23.0,0,2555688,29.8,28.1,C.Finley,7.7,81.0,31551.7037037
CAL,1991,Angel Stadium,64593,California Angels,AL West,162,0.5,14.0,0,2416236,30.8,27.9,J.Abbott,7.6,81.0,29830.0740741
CAL,1992,Angel Stadium,64593,California Angels,AL West,162,0.444,24.0,0,2065444,28.1,28.8,J.Abbott,5.8,81.0,25499.308642
CAL,1993,Angel Stadium,64593,California Angels,AL West,162,0.438,23.0,0,2057460,27.3,28.8,M.Langston,8.6,81.0,25400.7407407
CAL,1994,Angel Stadium,64593,California Angels,AL West,115,0.409,5.5,0,1512622,27.8,28.9,C.Finley,3.5,63.0,24009.8730159
CAL,1995,Angel Stadium,64593,California Angels,AL West,145,0.538,1.0,0,1748680,29.0,30.7,T.Salmon,6.6,72.0,24287.2222222
CAL,1996,Angel Stadium,64593,California Angels,AL West,161,0.435,19.5,0,1820521,29.3,29.1,J.Edmonds,5.0,81.0,22475.5679012
CHC,1990,Wrigley Field,38711,Chicago Cubs,NL East,162,0.475,18.0,0,2243791,28.2,26.1,R.Sandberg,7.1,77.0,29140.1428571
CHC,1991,Wrigley Field,38711,Chicago Cubs,NL East,160,0.481,20.0,0,2314250,28.9,27.5,R.Sandberg,7.0,81.0,28570.9876543
CHC,1992,Wrigley Field,38711,Chicago Cubs,NL East,162,0.481,18.0,0,2126720,28.3,27.2,G.Maddux,9.4,80.0,26584.0
CHC,1993,Wrigley Field,38711,Chicago Cubs,NL East,163,0.519,13.0,0,2653763,28.0,28.3,R.Wilkins,6.6,80.0,33172.0375
CHC,1994,Wrigley Field,38765,Chicago Cubs,NL Central,113,0.434,16.5,0,1845208,28.2,28.3,S.Sosa,3.8,58.0,31813.9310345
CHC,1995,Wrigley Field,38765,Chicago Cubs,NL Central,144,0.507,12.0,0,1918265,28.3,27.8,S.Sosa,5.3,71.0,27017.8169014
CHC,1996,Wrigley Field,38765,Chicago Cubs,NL Central,162,0.469,12.0,0,2219110,29.0,28.3,S.Sosa,5.4,78.0,28450.1282051
CHC,1997,Wrigley Field,38765,Chicago Cubs,NL Central,162,0.42,16.0,0,2190308,29.4,28.2,M.Grace,4.2,79.0,27725.4177215
CHC,1998,Wrigley Field,38884,Chicago Cubs,NL Central,163,0.552,12.5,1,2623194,30.1,28.8,S.Sosa,6.4,80.0,32789.925
CHC,1999,Wrigley Field,38884,Chicago Cubs,NL Central,162,0.414,30.0,0,2813854,31.2,28.8,S.Sosa,4.8,78.0,36075.0512821
CHC,2000,Wrigley Field,38884,Chicago Cubs,NL Central,162,0.401,30.0,0,2789511,30.8,28.4,S.Sosa,5.7,80.0,34868.8875
CHC,2001,Wrigley Field,39059,Chicago Cubs,NL Central,162,0.543,5.0,0,2779465,30.7,29.8,S.Sosa,10.3,79.0,35183.1012658
CHC,2002,Wrigley Field,39111,Chicago Cubs,NL Central,162,0.414,30.0,0,2693096,30.2,27.6,S.Sosa,5.7,78.0,34526.8717949
CHC,2003,Wrigley Field,39111,Chicago Cubs,NL Central,162,0.543,0.0,1,2962630,31.3,28.2,M.Prior,8.0,80.0,37032.875
CHC,2004,Wrigley Field,39345,Chicago Cubs,NL Central,162,0.549,16.0,0,3170154,30.1,29.1,C.Zambrano,7.3,81.0,39137.7037037
CHC,2005,Wrigley Field,39538,Chicago Cubs,NL Central,162,0.488,21.0,0,3099992,29.7,28.2,D.Lee,7.7,80.0,38749.9
CHC,2006,Wrigley Field,41118,Chicago Cubs,NL Central,162,0.407,17.5,0,3123215,28.6,28.0,C.Zambrano,5.8,80.0,39040.1875
CHC,2007,Wrigley Field,41160,Chicago Cubs,NL Central,162,0.525,0.0,1,3252462,29.3,28.4,A.Ramirez,5.2,81.0,40153.8518519
CHC,2008,Wrigley Field,41160,Chicago Cubs,NL Central,161,0.602,0.0,1,3300200,30.1,28.9,R.Dempster,6.8,81.0,40743.2098765
CHC,2009,Wrigley Field,41210,Chicago Cubs,NL Central,161,0.516,7.5,0,3168859,29.9,28.4,D.Lee,5.4,80.0,39610.7375
CHC,2010,Wrigley Field,41210,Chicago Cubs,NL Central,162,0.463,16.0,0,3062973,29.4,28.2,M.Byrd,3.7,81.0,37814.4814815
CHC,2011,Wrigley Field,41159,Chicago Cubs,NL Central,162,0.438,25.0,0,3017966,29.3,29.4,S.Castro,3.0,81.0,37258.8395062
CHC,2012,Wrigley Field,41009,Chicago Cubs,NL Central,162,0.377,36.0,0,2882756,27.8,27.9,D.Barney,4.6,81.0,35589.5802469
CHC,2013,Wrigley Field,41019,Chicago Cubs,NL Central,162,0.407,31.0,0,2642682,27.9,28.7,T.Wood,4.9,81.0,32625.7037037
CHC,2014,Wrigley Field,41072,Chicago Cubs,NL Central,162,0.451,17.0,0,2652113,26.8,28.0,J.Arrieta,5.6,81.0,32742.1358025
CHC,2015,Wrigley Field,40929,Chicago Cubs,NL Central,162,0.599,3.0,1,2919122,26.9,29.3,J.Arrieta,8.6,80.0,36489.025
CHC,2016,Wrigley Field,41268,Chicago Cubs,NL Central,162,0.64,0.0,2,3232420,27.5,29.9,K.Bryant,7.7,81.0,39906.4197531
CHW,1990,Comiskey Park,43951,Chicago White Sox,AL West,162,0.58,9.0,0,2002357,27.5,24.9,C.Fisk,4.8,79.0,25346.2911392
CHW,1991,US Cellular Field,44321,Chicago White Sox,AL West,162,0.537,8.0,0,2934154,27.7,26.7,F.Thomas,6.9,81.0,36224.1234568
CHW,1992,US Cellular Field,44321,Chicago White Sox,AL West,162,0.531,10.0,0,2681156,28.7,28.9,F.Thomas,6.9,81.0,33100.691358
CHW,1993,US Cellular Field,44321,Chicago White Sox,AL West,162,0.58,0.0,1,2581091,28.9,26.6,F.Thomas,6.2,79.0,32672.0379747
CHW,1994,US Cellular Field,44321,Chicago White Sox,AL Central,113,0.593,0.0,0,1697398,29.9,28.2,F.Thomas,6.3,53.0,32026.3773585
CHW,1995,US Cellular Field,44321,Chicago White Sox,AL Central,145,0.472,32.0,0,1609773,29.5,27.6,F.Thomas,5.3,71.0,22672.8591549
CHW,1996,US Cellular Field,44321,Chicago White Sox,AL Central,162,0.525,14.5,0,1676403,30.5,27.8,A.Fernandez,6.4,79.0,21220.2911392
CHW,1997,US Cellular Field,44321,Chicago White Sox,AL Central,161,0.497,6.0,0,1864782,29.3,29.4,F.Thomas,7.3,78.0,23907.4615385
CHW,1998,US Cellular Field,44321,Chicago White Sox,AL Central,163,0.494,9.0,0,1391146,27.3,26.4,A.Belle,7.1,79.0,17609.443038
CHW,1999,US Cellular Field,44321,Chicago White Sox,AL Central,162,0.466,21.5,0,1338851,25.8,26.4,M.Ordonez,5.8,76.0,17616.4605263
CHW,2000,US Cellular Field,44321,Chicago White Sox,AL Central,162,0.586,0.0,1,1947799,27.5,26.5,F.Thomas,6.0,81.0,24046.9012346
CHW,2001,US Cellular Field,47522,Chicago White Sox,AL Central,162,0.512,8.0,0,1766172,28.4,26.2,M.Buehrle,6.0,80.0,22077.15
CHW,2002,US Cellular Field,47098,Chicago White Sox,AL Central,162,0.5,13.5,0,1676911,28.8,25.8,M.Ordonez,5.1,81.0,20702.6049383
CHW,2003,US Cellular Field,47098,Chicago White Sox,AL Central,162,0.531,4.0,0,1939524,29.3,27.9,E.Loaiza,7.2,81.0,23944.7407407
CHW,2004,US Cellular Field,40615,Chicago White Sox,AL Central,162,0.512,9.0,0,1930537,28.6,28.2,A.Rowand,5.6,79.0,24437.1772152
CHW,2005,US Cellular Field,40615,Chicago White Sox,AL Central,162,0.611,0.0,2,2342833,29.3,29.3,M.Buehrle,4.8,81.0,28923.8641975
CHW,2006,US Cellular Field,40615,Chicago White Sox,AL Central,162,0.556,6.0,0,2957414,29.6,27.9,J.Thome,4.9,81.0,36511.2839506
CHW,2007,US Cellular Field,40615,Chicago White Sox,AL Central,162,0.444,24.0,0,2684395,29.6,27.7,J.Vazquez,6.1,81.0,33140.6790123
CHW,2008,US Cellular Field,40615,Chicago White Sox,AL Central,163,0.546,0.0,1,2500648,30.5,28.3,J.Danks,6.4,81.0,30872.1975309
CHW,2009,US Cellular Field,40615,Chicago White Sox,AL Central,162,0.488,7.5,0,2284163,29.8,29.5,M.Buehrle,5.5,80.0,28552.0375
CHW,2010,US Cellular Field,40615,Chicago White Sox,AL Central,162,0.543,6.0,0,2194378,30.6,29.0,A.Ramirez,5.6,81.0,27091.0864198
CHW,2011,US Cellular Field,40615,Chicago White Sox,AL Central,162,0.488,16.0,0,2001117,29.9,28.5,M.Buehrle,4.2,81.0,24705.1481481
CHW,2012,US Cellular Field,40615,Chicago White Sox,AL Central,162,0.525,3.0,0,1965955,29.9,27.5,C.Sale,5.7,81.0,24271.0493827
CHW,2013,US Cellular Field,40615,Chicago White Sox,AL Central,162,0.389,30.0,0,1768413,29.2,27.1,C.Sale,6.6,80.0,22105.1625
CHW,2014,US Cellular Field,40615,Chicago White Sox,AL Central,162,0.451,17.0,0,1650821,27.7,27.4,C.Sale,6.2,79.0,20896.4683544
CHW,2015,US Cellular Field,40615,Chicago White Sox,AL Central,162,0.469,19.0,0,1755810,28.2,27.8,J.Quintana,4.0,80.0,21947.625
CHW,2016,US Cellular Field,40615,Chicago White Sox,AL Central,162,0.481,16.5,0,1746293,28.3,28.6,A.Eaton,6.1,80.0,21828.6625
CIN,1990,Riverfront Stadium,52392,Cincinnati Reds,NL West,162,0.562,0.0,2,2400892,27.5,27.4,J.Rijo,5.8,78.0,30780.6666667
CIN,1991,Riverfront Stadium,52392,Cincinnati Reds,NL West,162,0.457,20.0,0,2372377,28.2,27.6,B.Larkin,6.1,80.0,29654.7125
CIN,1992,Riverfront Stadium,52952,Cincinnati Reds,NL West,162,0.556,8.0,0,2315946,27.9,28.1,J.Rijo,6.0,80.0,28949.325
CIN,1993,Riverfront Stadium,52952,Cincinnati Reds,NL West,162,0.451,31.0,0,2453232,28.4,27.9,J.Rijo,10.1,79.0,31053.5696203
CIN,1994,Riverfront Stadium,52952,Cincinnati Reds,NL Central,115,0.579,0.0,0,1897681,28.5,27.2,B.Larkin,3.9,60.0,31628.0166667
CIN,1995,Riverfront Stadium,52952,Cincinnati Reds,NL Central,144,0.59,0.0,1,1837649,28.4,28.3,R.Sanders,6.6,71.0,25882.3802817
CIN,1996,Riverfront Stadium,52952,Cincinnati Reds,NL Central,162,0.5,7.0,0,1861428,29.3,29.2,B.Larkin,7.2,76.0,24492.4736842
CIN,1997,Riverfront Stadium,52952,Cincinnati Reds,NL Central,162,0.469,8.0,0,1785788,28.2,29.6,J.Shaw,3.6,80.0,22322.35
CIN,1998,Riverfront Stadium,52952,Cincinnati Reds,NL Central,162,0.475,25.0,0,1793649,27.5,28.0,B.Larkin,5.7,81.0,22143.8148148
CIN,1999,Riverfront Stadium,52952,Cincinnati Reds,NL Central,163,0.589,1.5,0,2061222,28.3,28.0,M.Cameron,5.5,82.0,25136.8536585
CIN,2000,Riverfront Stadium,52952,Cincinnati Reds,NL Central,163,0.525,10.0,0,2577371,29.2,28.5,K.Griffey,5.5,82.0,31431.3536585
CIN,2001,Riverfront Stadium,40007,Cincinnati Reds,NL Central,162,0.407,27.0,0,1879757,28.0,27.4,E.Dessens,4.5,79.0,23794.3924051
CIN,2002,Riverfront Stadium,40007,Cincinnati Reds,NL Central,162,0.481,19.0,0,1855787,27.7,28.7,E.Dessens,4.2,80.0,23197.3375
CIN,2003,Great American Ball Park,42271,Cincinnati Reds,NL Central,162,0.426,19.0,0,2355259,27.3,28.0,J.Guillen,4.7,81.0,29077.2716049
CIN,2004,Great American Ball Park,42271,Cincinnati Reds,NL Central,162,0.469,29.0,0,2287250,28.4,28.5,A.Dunn,4.7,81.0,28237.654321
CIN,2005,Great American Ball Park,42271,Cincinnati Reds,NL Central,163,0.451,27.0,0,1943067,28.6,28.9,F.Lopez,4.2,81.0,23988.4814815
CIN,2006,Great American Ball Park,42271,Cincinnati Reds,NL Central,162,0.494,3.5,0,2134607,29.6,29.5,B.Arroyo,7.0,81.0,26353.1728395
CIN,2007,Great American Ball Park,42271,Cincinnati Reds,NL Central,162,0.444,13.0,0,2058593,29.7,29.1,A.Harang,5.5,81.0,25414.7283951
CIN,2008,Great American Ball Park,42319,Cincinnati Reds,NL Central,162,0.457,23.5,0,2058632,28.6,28.7,E.Volquez,4.5,81.0,25415.2098765
CIN,2009,Great American Ball Park,42319,Cincinnati Reds,NL Central,162,0.481,13.0,0,1747919,27.9,29.0,J.Votto,4.8,81.0,21579.2469136
CIN,2010,Great American Ball Park,42319,Cincinnati Reds,NL Central,162,0.562,0.0,1,2060550,29.0,28.2,J.Votto,6.9,81.0,25438.8888889
CIN,2011,Great American Ball Park,42319,Cincinnati Reds,NL Central,162,0.488,17.0,0,2213588,28.6,27.7,J.Votto,6.3,81.0,27328.2469136
CIN,2012,Great American Ball Park,42319,Cincinnati Reds,NL Central,162,0.599,0.0,1,2347251,28.8,27.1,J.Votto,5.9,81.0,28978.4074074
CIN,2013,Great American Ball Park,42319,Cincinnati Reds,NL Central,162,0.556,7.0,1,2492101,28.5,27.7,J.Votto,6.6,80.0,31151.2625
CIN,2014,Great American Ball Park,42319,Cincinnati Reds,NL Central,162,0.469,14.0,0,2476664,29.0,28.0,J.Cueto,6.7,81.0,30576.0987654
CIN,2015,Great American Ball Park,42319,Cincinnati Reds,NL Central,162,0.395,36.0,0,2419506,29.5,27.3,J.Votto,7.6,81.0,29870.4444444
CIN,2016,Great American Ball Park,42319,Cincinnati Reds,NL Central,162,0.42,35.5,0,1894085,27.8,27.1,J.Votto,4.0,81.0,23383.7654321
CLE,1990,Cleveland Stadium,74483,Cleveland Indians,AL East,162,0.475,11.0,0,1225240,27.4,28.1,B.Jacoby,3.5,75.0,16336.5333333
CLE,1991,Cleveland Stadium,74483,Cleveland Indians,AL East,162,0.352,34.0,0,1051863,25.6,26.8,G.Swindell,3.8,79.0,13314.721519
CLE,1992,Cleveland Stadium,74483,Cleveland Indians,AL East,162,0.469,20.0,0,1224094,25.9,27.0,K.Lofton,6.6,78.0,15693.5128205
CLE,1993,Cleveland Stadium,74483,Cleveland Indians,AL East,162,0.469,19.0,0,2177908,27.2,27.3,K.Lofton,7.6,80.0,27223.85
CLE,1994,Progressive Field,42865,Cleveland Indians,AL Central,113,0.584,1.0,0,1995174,28.4,30.7,K.Lofton,7.2,51.0,39121.0588235
CLE,1995,Progressive Field,42865,Cleveland Indians,AL Central,144,0.694,0.0,1,2842745,29.0,30.6,A.Belle,6.9,71.0,40038.6619718
CLE,1996,Progressive Field,42865,Cleveland Indians,AL Central,161,0.615,0.0,1,3318174,29.7,30.3,J.Thome,7.5,79.0,42002.2025316
CLE,1997,Progressive Field,43368,Cleveland Indians,AL Central,161,0.534,0.0,1,3404750,30.2,29.7,J.Thome,5.4,80.0,42559.375
CLE,1998,Progressive Field,43368,Cleveland Indians,AL Central,162,0.549,0.0,1,3467299,29.5,29.8,K.Lofton,5.9,81.0,42806.1604938
CLE,1999,Progressive Field,43368,Cleveland Indians,AL Central,162,0.599,0.0,1,3468456,29.2,30.6,R.Alomar,7.4,81.0,42820.4444444
CLE,2000,Progressive Field,43368,Cleveland Indians,AL Central,162,0.556,5.0,0,3456278,30.1,30.2,R.Alomar,5.6,81.0,42670.0987654
CLE,2001,Progressive Field,43368,Cleveland Indians,AL Central,162,0.562,0.0,1,3175523,31.0,29.1,R.Alomar,7.3,80.0,39694.0375
CLE,2002,Progressive Field,43368,Cleveland Indians,AL Central,162,0.457,20.5,0,2616940,30.3,28.1,J.Thome,7.4,81.0,32307.9012346
CLE,2003,Progressive Field,43368,Cleveland Indians,AL Central,162,0.42,22.0,0,1730002,27.1,26.3,M.Bradley,4.1,81.0,21358.0493827
CLE,2004,Progressive Field,43389,Cleveland Indians,AL Central,162,0.494,12.0,0,1814401,28.6,27.3,T.Hafner,5.0,81.0,22400.0123457
CLE,2005,Progressive Field,43405,Cleveland Indians,AL Central,162,0.574,6.0,0,2013763,27.7,29.2,G.Sizemore,6.6,81.0,24861.2716049
CLE,2006,Progressive Field,43415,Cleveland Indians,AL Central,162,0.481,18.0,0,1997995,27.8,28.6,G.Sizemore,6.6,81.0,24666.6049383
CLE,2007,Progressive Field,43415,Cleveland Indians,AL Central,162,0.593,0.0,1,2275912,28.1,29.4,C.Sabathia,6.4,80.0,28448.9
CLE,2008,Progressive Field,43545,Cleveland Indians,AL Central,162,0.5,7.5,0,2169760,27.7,28.6,C.Lee,6.7,80.0,27122.0
CLE,2009,Progressive Field,45199,Cleveland Indians,AL Central,162,0.401,21.5,0,1766242,27.4,27.8,S.Choo,5.5,79.0,22357.4936709
CLE,2010,Progressive Field,45569,Cleveland Indians,AL Central,162,0.426,25.0,0,1391644,27.2,26.6,S.Choo,5.9,80.0,17395.55
CLE,2011,Progressive Field,43441,Cleveland Indians,AL Central,162,0.494,15.0,0,1840835,27.8,26.7,A.Cabrera,5.0,81.0,22726.3580247
CLE,2012,Progressive Field,43429,Cleveland Indians,AL Central,162,0.42,20.0,0,1603596,27.8,27.6,C.Santana,4.0,81.0,19797.4814815
CLE,2013,Progressive Field,42241,Cleveland Indians,AL Central,162,0.568,1.0,1,1572926,28.6,27.5,J.Kipnis,5.7,80.0,19661.575
CLE,2014,Progressive Field,42487,Cleveland Indians,AL Central,162,0.525,5.0,0,1437393,28.5,27.2,C.Kluber,8.4,78.0,18428.1153846
CLE,2015,Progressive Field,36856,Cleveland Indians,AL Central,161,0.503,13.5,0,1388905,28.0,27.3,F.Lindor,4.6,78.0,17806.474359
CLE,2016,Progressive Field,35225,Cleveland Indians,AL Central,161,0.584,0.0,1,1591667,28.9,28.1,C.Kluber,6.3,81.0,19650.2098765
COL,1993,Mile High Stadium,76273,Colorado Rockies,NL West,162,0.414,37.0,0,4483350,27.7,27.1,A.Galarraga,3.5,79.0,56751.2658228
COL,1994,Mile High Stadium,76273,Colorado Rockies,NL West,117,0.453,6.5,0,3281511,29.7,28.0,M.Freeman,4.6,56.0,58598.4107143
COL,1995,Coors Field,50200,Colorado Rockies,NL West,144,0.535,1.0,1,3390037,29.5,28.6,L.Walker,4.7,72.0,47083.8472222
COL,1996,Coors Field,50200,Colorado Rockies,NL West,162,0.512,8.0,0,3891014,30.1,28.8,E.Burks,7.9,81.0,48037.2098765
COL,1997,Coors Field,50200,Colorado Rockies,NL West,162,0.512,7.0,0,3888453,30.4,27.9,L.Walker,9.8,81.0,48005.5925926
COL,1998,Coors Field,50200,Colorado Rockies,NL West,162,0.475,21.0,0,3792683,29.5,27.8,L.Walker,5.7,81.0,46823.2469136
COL,1999,Coors Field,50381,Colorado Rockies,NL West,162,0.444,28.0,0,3481065,29.7,28.9,P.Astacio,6.0,81.0,42976.1111111
COL,2000,Coors Field,50381,Colorado Rockies,NL West,162,0.506,15.0,0,3295129,29.2,29.9,T.Helton,8.8,81.0,40680.6049383
COL,2001,Coors Field,50445,Colorado Rockies,NL West,162,0.451,19.0,0,3166821,28.3,28.7,T.Helton,7.8,81.0,39096.5555556
COL,2002,Coors Field,50445,Colorado Rockies,NL West,162,0.451,25.0,0,2737838,28.7,28.5,T.Helton,6.3,81.0,33800.4691358
COL,2003,Coors Field,50445,Colorado Rockies,NL West,162,0.457,26.5,0,2334085,29.5,28.0,T.Helton,6.2,81.0,28815.8641975
COL,2004,Coors Field,50445,Colorado Rockies,NL West,162,0.42,25.0,0,2338069,30.4,28.8,T.Helton,8.3,79.0,29595.8101266
COL,2005,Coors Field,50445,Colorado Rockies,NL West,162,0.414,15.0,0,1914389,27.2,27.3,T.Helton,4.6,80.0,23929.8625
COL,2006,Coors Field,50445,Colorado Rockies,NL West,162,0.469,12.0,0,2104362,27.8,28.8,G.Atkins,4.9,81.0,25979.7777778
COL,2007,Coors Field,50445,Colorado Rockies,NL West,163,0.552,0.5,1,2376250,27.9,28.1,T.Tulowitzki,6.8,82.0,28978.6585366
COL,2008,Coors Field,50445,Colorado Rockies,NL West,162,0.457,10.0,0,2650218,27.5,28.5,M.Holliday,5.8,80.0,33127.725
COL,2009,Coors Field,50445,Colorado Rockies,NL West,162,0.568,3.0,1,2665080,27.8,28.5,T.Tulowitzki,6.5,81.0,32902.2222222
COL,2010,Coors Field,50445,Colorado Rockies,NL West,162,0.512,9.0,0,2875245,28.8,28.1,U.Jimenez,7.3,80.0,35940.5625
COL,2011,Coors Field,50490,Colorado Rockies,NL West,162,0.451,21.0,0,2909777,28.6,27.7,T.Tulowitzki,6.1,81.0,35923.1728395
COL,2012,Coors Field,50398,Colorado Rockies,NL West,162,0.395,30.0,0,2630458,28.1,28.2,D.Fowler,2.8,81.0,32474.7901235
COL,2013,Coors Field,50398,Colorado Rockies,NL West,162,0.457,18.0,0,2793828,27.7,28.3,J.Chacin,5.7,81.0,34491.7037037
COL,2014,Coors Field,50398,Colorado Rockies,NL West,162,0.407,28.0,0,2680329,27.4,28.5,T.Tulowitzki,5.5,81.0,33090.4814815
COL,2015,Coors Field,50398,Colorado Rockies,NL West,162,0.42,24.0,0,2506789,28.0,28.7,N.Arenado,5.8,80.0,31334.8625
COL,2016,Coors Field,50398,Colorado Rockies,NL West,162,0.463,16.0,0,2602524,27.8,27.7,N.Arenado,6.5,81.0,32129.9259259
DET,1990,Tiger Stadium,52416,Detroit Tigers,AL East,162,0.488,9.0,0,1495785,30.6,30.4,A.Trammell,6.7,79.0,18933.9873418
DET,1991,Tiger Stadium,52416,Detroit Tigers,AL East,162,0.519,7.0,0,1641661,29.2,30.8,L.Whitaker,6.7,80.0,20520.7625
DET,1992,Tiger Stadium,52416,Detroit Tigers,AL East,162,0.463,21.0,0,1423963,29.9,29.6,T.Phillips,5.0,78.0,18255.9358974
DET,1993,Tiger Stadium,52416,Detroit Tigers,AL East,162,0.525,10.0,0,1971421,30.7,30.1,T.Phillips,5.6,81.0,24338.5308642
DET,1994,Tiger Stadium,52416,Detroit Tigers,AL East,115,0.461,18.0,0,1184783,30.8,31.2,T.Phillips,4.7,57.0,20785.6666667
DET,1995,Tiger Stadium,52416,Detroit Tigers,AL East,144,0.417,26.0,0,1180979,28.8,27.8,D.Wells,4.6,71.0,16633.5070423
DET,1996,Tiger Stadium,52416,Detroit Tigers,AL East,162,0.327,39.0,0,1168610,27.0,26.7,O.Olivares,3.6,81.0,14427.2839506
DET,1997,Tiger Stadium,46945,Detroit Tigers,AL East,162,0.488,19.0,0,1365157,26.5,27.5,J.Thompson,7.8,79.0,17280.4683544
DET,1998,Tiger Stadium,46945,Detroit Tigers,AL Central,162,0.401,24.0,0,1409391,27.3,26.6,D.Easley,5.6,79.0,17840.3924051
DET,1999,Tiger Stadium,46945,Detroit Tigers,AL Central,161,0.429,27.5,0,2026441,27.5,27.6,B.Ausmus,3.3,81.0,25017.7901235
DET,2000,Comerica Park,40120,Detroit Tigers,AL Central,162,0.488,16.0,0,2438617,29.1,29.1,B.Higginson,5.3,81.0,30106.382716
DET,2001,Comerica Park,40120,Detroit Tigers,AL Central,162,0.407,25.0,0,1921305,28.2,28.1,S.Sparks,4.4,80.0,24016.3125
DET,2002,Comerica Park,40120,Detroit Tigers,AL Central,161,0.342,39.0,0,1503623,28.1,28.1,J.Weaver,2.8,80.0,18795.2875
DET,2003,Comerica Park,41070,Detroit Tigers,AL Central,162,0.265,47.0,0,1368245,27.2,25.3,D.Young,3.4,80.0,17103.0625
DET,2004,Comerica Park,41070,Detroit Tigers,AL Central,162,0.444,20.0,0,1917004,28.2,27.5,C.Guillen,4.6,80.0,23962.55
DET,2005,Comerica Park,41070,Detroit Tigers,AL Central,162,0.438,28.0,0,2024431,28.5,28.0,P.Polanco,4.3,80.0,25305.3875
DET,2006,Comerica Park,41070,Detroit Tigers,AL Central,162,0.586,1.0,1,2595937,29.3,28.8,C.Guillen,6.0,81.0,32048.6049383
DET,2007,Comerica Park,41070,Detroit Tigers,AL Central,162,0.543,8.0,0,3047133,30.8,28.5,C.Granderson,7.6,81.0,37618.9259259
DET,2008,Comerica Park,41782,Detroit Tigers,AL Central,162,0.457,14.5,0,3202645,30.3,29.9,P.Polanco,4.4,81.0,39538.8271605
DET,2009,Comerica Park,41255,Detroit Tigers,AL Central,163,0.528,1.0,0,2567165,29.7,26.6,J.Verlander,5.4,81.0,31693.3950617
DET,2010,Comerica Park,41255,Detroit Tigers,AL Central,162,0.5,13.0,0,2461237,28.8,26.5,M.Cabrera,6.4,81.0,30385.6419753
DET,2011,Comerica Park,41255,Detroit Tigers,AL Central,162,0.586,0.0,1,2642045,28.6,27.8,J.Verlander,8.6,81.0,32617.8395062
DET,2012,Comerica Park,41255,Detroit Tigers,AL Central,162,0.543,0.0,1,3028033,28.0,28.2,J.Verlander,8.0,81.0,37383.1234568
DET,2013,Comerica Park,41255,Detroit Tigers,AL Central,162,0.574,0.0,1,3083397,29.9,28.4,M.Cabrera,7.3,81.0,38066.6296296
DET,2014,Comerica Park,41681,Detroit Tigers,AL Central,162,0.556,0.0,1,2917209,29.7,28.5,I.Kinsler,5.8,81.0,36014.9259259
DET,2015,Comerica Park,41574,Detroit Tigers,AL Central,161,0.46,20.5,0,2726048,28.3,28.7,I.Kinsler,5.9,81.0,33654.9135802
DET,2016,Comerica Park,41297,Detroit Tigers,AL Central,161,0.534,8.0,0,2493859,29.9,29.0,J.Verlander,6.7,80.0,31173.2375
FLA,1993,Sun Life Stadium,43909,Florida Marlins,NL East,162,0.395,33.0,0,3064847,27.7,29.7,B.Harvey,4.0,80.0,38310.5875
FLA,1994,Sun Life Stadium,47662,Florida Marlins,NL East,115,0.443,23.5,0,1937467,27.6,29.0,J.Conine,2.8,59.0,32838.4237288
FLA,1995,Sun Life Stadium,46238,Florida Marlins,NL East,143,0.469,22.5,0,1700466,28.1,28.3,C.Hammond,3.2,70.0,24292.3714286
FLA,1996,Sun Life Stadium,41855,Florida Marlins,NL East,162,0.494,16.0,0,1746767,27.9,28.0,K.Brown,7.8,80.0,21834.5875
FLA,1997,Sun Life Stadium,41855,Florida Marlins,NL East,162,0.568,9.0,2,2364387,28.5,27.5,K.Brown,6.8,80.0,29554.8375
FLA,1998,Sun Life Stadium,42531,Florida Marlins,NL East,162,0.333,52.0,0,1730384,25.4,24.5,M.Kotsay,3.9,79.0,21903.5949367
FLA,1999,Sun Life Stadium,35521,Florida Marlins,NL East,162,0.395,39.0,0,1369421,25.2,26.0,A.Fernandez,3.4,78.0,17556.6794872
FLA,2000,Sun Life Stadium,36331,Florida Marlins,NL East,161,0.491,15.5,0,1218326,26.1,26.7,L.Castillo,4.5,80.0,15229.075
FLA,2001,Sun Life Stadium,36331,Florida Marlins,NL East,162,0.469,12.0,0,1261226,27.3,26.5,C.Floyd,6.6,80.0,15765.325
FLA,2002,Sun Life Stadium,36331,Florida Marlins,NL East,162,0.488,23.0,0,813118,28.4,26.1,A.Burnett,4.0,81.0,10038.4938272
FLA,2003,Sun Life Stadium,36331,Florida Marlins,NL East,162,0.562,10.0,2,1303215,27.7,26.3,D.Willis,4.4,80.0,16290.1875
FLA,2004,Sun Life Stadium,36331,Florida Marlins,NL East,162,0.512,13.0,0,1723105,28.8,27.8,C.Pavano,5.8,78.0,22091.0897436
FLA,2005,Sun Life Stadium,36331,Florida Marlins,NL East,162,0.512,7.0,0,1852608,29.7,29.5,D.Willis,8.4,81.0,22871.7037037
FLA,2006,Sun Life Stadium,36331,Florida Marlins,NL East,162,0.481,19.0,0,1164134,25.6,25.9,M.Cabrera,5.8,81.0,14372.0246914
FLA,2007,Sun Life Stadium,36331,Florida Marlins,NL East,162,0.438,18.0,0,1370511,26.7,26.2,H.Ramirez,4.3,81.0,16919.8888889
FLA,2008,Sun Life Stadium,38560,Florida Marlins,NL East,161,0.522,7.5,0,1335076,28.0,26.6,H.Ramirez,6.7,80.0,16688.45
FLA,2009,Sun Life Stadium,38560,Florida Marlins,NL East,162,0.537,6.0,0,1464109,27.0,26.3,J.Johnson,7.4,78.0,18770.6282051
FLA,2010,Sun Life Stadium,38560,Florida Marlins,NL East,162,0.494,17.0,0,1524894,26.9,27.1,J.Johnson,6.6,81.0,18825.8518519
FLA,2011,Sun Life Stadium,38560,Florida Marlins,NL East,162,0.444,30.0,0,1520562,27.4,28.0,G.Stanton,4.1,77.0,19747.5584416
HOU,1990,Astrodome,54816,Houston Astros,NL West,162,0.463,16.0,0,1310927,28.4,31.8,D.Darwin,5.3,81.0,16184.2839506
HOU,1991,Astrodome,54816,Houston Astros,NL West,162,0.401,29.0,0,1196152,26.1,26.4,S.Finley,5.1,81.0,14767.308642
HOU,1992,Astrodome,54816,Houston Astros,NL West,162,0.5,17.0,0,1211412,26.4,27.1,S.Finley,5.7,81.0,14955.7037037
HOU,1993,Astrodome,54816,Houston Astros,NL West,162,0.525,19.0,0,2084618,27.1,28.3,J.Bagwell,5.4,81.0,25736.0246914
HOU,1994,Astrodome,54816,Houston Astros,NL Central,115,0.574,0.5,0,1561136,27.8,27.2,J.Bagwell,8.2,59.0,26459.9322034
HOU,1995,Astrodome,54816,Houston Astros,NL Central,144,0.528,9.0,0,1363801,28.1,27.9,C.Biggio,6.3,71.0,19208.4647887
HOU,1996,Astrodome,54816,Houston Astros,NL Central,162,0.506,6.0,0,1975888,28.2,28.5,J.Bagwell,7.5,81.0,24393.6790123
HOU,1997,Astrodome,54816,Houston Astros,NL Central,162,0.519,0.0,1,2046781,28.8,27.0,C.Biggio,9.4,81.0,25268.9012346
HOU,1998,Astrodome,54816,Houston Astros,NL Central,162,0.63,0.0,1,2458451,29.7,27.8,C.Biggio,6.5,80.0,30730.6375
HOU,1999,Astrodome,54816,Houston Astros,NL Central,162,0.599,0.0,1,2706017,29.8,27.4,M.Hampton,7.8,81.0,33407.617284
HOU,2000,Minute Maid Park,40950,Houston Astros,NL Central,162,0.444,23.0,0,3056139,29.1,28.0,R.Hidalgo,6.3,81.0,37730.1111111
HOU,2001,Minute Maid Park,40950,Houston Astros,NL Central,162,0.574,0.0,1,2904277,30.3,28.4,L.Berkman,6.5,81.0,35855.2716049
HOU,2002,Minute Maid Park,40950,Houston Astros,NL Central,162,0.519,13.0,0,2517357,30.1,27.3,R.Oswalt,6.9,81.0,31078.4814815
HOU,2003,Minute Maid Park,40950,Houston Astros,NL Central,162,0.537,1.0,0,2454241,31.1,27.6,R.Hidalgo,5.7,81.0,30299.2716049
HOU,2004,Minute Maid Park,40950,Houston Astros,NL Central,162,0.568,13.0,1,3087872,31.7,29.6,L.Berkman,6.0,81.0,38121.8765432
HOU,2005,Minute Maid Park,40950,Houston Astros,NL Central,163,0.549,11.0,1,2804760,30.3,30.3,R.Clemens,8.2,81.0,34626.6666667
HOU,2006,Minute Maid Park,40976,Houston Astros,NL Central,162,0.506,1.5,0,3022763,30.5,29.8,R.Oswalt,6.1,81.0,37318.0617284
HOU,2007,Minute Maid Park,40976,Houston Astros,NL Central,162,0.451,12.0,0,3020405,31.4,30.2,R.Oswalt,6.6,81.0,37288.9506173
HOU,2008,Minute Maid Park,40976,Houston Astros,NL Central,161,0.534,11.0,0,2779487,31.1,30.9,L.Berkman,6.8,80.0,34743.5875
HOU,2009,Minute Maid Park,40976,Houston Astros,NL Central,162,0.457,17.0,0,2521076,31.6,31.2,M.Bourn,5.0,81.0,31124.3950617
HOU,2010,Minute Maid Park,40976,Houston Astros,NL Central,162,0.469,15.0,0,2331490,29.5,29.6,M.Bourn,5.5,81.0,28783.8271605
HOU,2011,Minute Maid Park,40963,Houston Astros,NL Central,162,0.346,40.0,0,2067016,28.2,27.2,C.Lee,4.0,81.0,25518.7160494
HOU,2012,Minute Maid Park,40981,Houston Astros,NL Central,162,0.34,42.0,0,1607733,26.6,27.2,L.Harrell,3.1,81.0,19848.5555556
HOU,2013,Minute Maid Park,42060,Houston Astros,AL West,162,0.315,45.0,0,1651883,26.0,27.2,J.Castro,4.5,81.0,20393.617284
HOU,2014,Minute Maid Park,42060,Houston Astros,AL West,162,0.432,28.0,0,1751829,25.7,27.9,J.Altuve,6.1,81.0,21627.5185185
HOU,2015,Minute Maid Park,41574,Houston Astros,AL West,162,0.531,2.0,1,2153585,26.6,29.4,D.Keuchel,6.7,81.0,26587.4691358
HOU,2016,Minute Maid Park,41676,Houston Astros,AL West,162,0.519,11.0,0,2306623,26.6,28.9,J.Altuve,7.8,81.0,28476.8271605
KCR,1990,Kauffman Stadium,40625,Kansas City Royals,AL West,161,0.466,27.5,0,2244956,29.7,27.3,K.Appier,5.3,78.0,28781.4871795
KCR,1991,Kauffman Stadium,40625,Kansas City Royals,AL West,162,0.506,13.0,0,2161537,28.6,27.6,B.Saberhagen,5.1,80.0,27019.2125
KCR,1992,Kauffman Stadium,40625,Kansas City Royals,AL West,162,0.444,24.0,0,1867689,28.9,27.1,K.Appier,8.0,79.0,23641.6329114
KCR,1993,Kauffman Stadium,40625,Kansas City Royals,AL West,162,0.519,10.0,0,1934578,30.0,27.4,K.Appier,9.3,80.0,24182.225
KCR,1994,Kauffman Stadium,40625,Kansas City Royals,AL Central,115,0.557,4.0,0,1400494,29.9,28.0,D.Cone,6.9,57.0,24570.0701754
KCR,1995,Kauffman Stadium,40625,Kansas City Royals,AL Central,144,0.486,30.0,0,1233530,29.1,28.0,K.Appier,4.6,70.0,17621.8571429
KCR,1996,Kauffman Stadium,40625,Kansas City Royals,AL Central,161,0.466,24.0,0,1435997,27.2,29.0,K.Appier,5.9,80.0,17949.9625
KCR,1997,Kauffman Stadium,40625,Kansas City Royals,AL Central,161,0.416,19.0,0,1517638,28.8,27.6,K.Appier,5.5,77.0,19709.5844156
KCR,1998,Kauffman Stadium,40625,Kansas City Royals,AL Central,161,0.447,16.5,0,1494875,28.7,28.8,J.Offerman,5.3,79.0,18922.4683544
KCR,1999,Kauffman Stadium,40625,Kansas City Royals,AL Central,161,0.398,32.5,0,1506068,27.0,26.9,J.Damon,5.4,78.0,19308.5641026
KCR,2000,Kauffman Stadium,40625,Kansas City Royals,AL Central,162,0.475,18.0,0,1564847,27.5,25.8,J.Damon,6.1,81.0,19319.0987654
KCR,2001,Kauffman Stadium,40625,Kansas City Royals,AL Central,162,0.401,26.0,0,1536371,28.2,27.3,C.Beltran,6.4,81.0,18967.5432099
KCR,2002,Kauffman Stadium,40625,Kansas City Royals,AL Central,162,0.383,32.5,0,1323036,29.2,27.8,P.Byrd,5.6,77.0,17182.2857143
KCR,2003,Kauffman Stadium,40625,Kansas City Royals,AL Central,162,0.512,7.0,0,1779895,29.2,28.0,D.May,5.9,78.0,22819.1666667
KCR,2004,Kauffman Stadium,40625,Kansas City Royals,AL Central,162,0.358,34.0,0,1661478,28.9,27.4,Z.Greinke,3.8,79.0,21031.3670886
KCR,2005,Kauffman Stadium,40625,Kansas City Royals,AL Central,162,0.346,43.0,0,1371181,27.9,25.7,D.DeJesus,4.4,79.0,17356.721519
KCR,2006,Kauffman Stadium,40625,Kansas City Royals,AL Central,162,0.383,34.0,0,1372638,29.6,27.7,M.Teahen,3.7,80.0,17157.975
KCR,2007,Kauffman Stadium,40625,Kansas City Royals,AL Central,162,0.426,27.0,0,1616867,27.9,27.1,G.Meche,4.1,81.0,19961.3209877
KCR,2008,Kauffman Stadium,40625,Kansas City Royals,AL Central,162,0.463,13.5,0,1578922,28.0,27.6,Z.Greinke,5.3,79.0,19986.3544304
KCR,2009,Kauffman Stadium,37903,Kansas City Royals,AL Central,162,0.401,21.5,0,1797891,27.8,28.7,Z.Greinke,10.4,80.0,22473.6375
KCR,2010,Kauffman Stadium,37903,Kansas City Royals,AL Central,162,0.414,27.0,0,1615327,28.8,27.5,J.Soria,3.7,80.0,20191.5875
KCR,2011,Kauffman Stadium,37903,Kansas City Royals,AL Central,162,0.438,24.0,0,1724450,25.8,26.4,A.Gordon,7.2,81.0,21289.5061728
KCR,2012,Kauffman Stadium,37903,Kansas City Royals,AL Central,162,0.444,16.0,0,1739859,26.1,27.3,A.Gordon,6.3,80.0,21748.2375
KCR,2013,Kauffman Stadium,37903,Kansas City Royals,AL Central,162,0.531,7.0,0,1750754,27.0,28.9,J.Shields,4.3,81.0,21614.2469136
KCR,2014,Kauffman Stadium,37903,Kansas City Royals,AL Central,162,0.549,1.0,1,1956482,28.3,28.9,A.Gordon,6.7,81.0,24154.0987654
KCR,2015,Kauffman Stadium,37903,Kansas City Royals,AL Central,162,0.586,0.0,2,2708549,29.1,30.0,L.Cain,7.2,81.0,33438.8765432
KCR,2016,Kauffman Stadium,37903,Kansas City Royals,AL Central,162,0.5,13.5,0,2557712,28.6,29.9,I.Kennedy,3.9,81.0,31576.691358
LAA,2005,Angel Stadium,45050,Los Angeles Angels of Anaheim,AL West,162,0.586,0.0,1,3404686,29.7,28.5,V.Guerrero,5.7,81.0,42033.1604938
LAA,2006,Angel Stadium,45262,Los Angeles Angels of Anaheim,AL West,162,0.549,4.0,0,3406790,28.8,27.9,J.Weaver,4.7,81.0,42059.1358025
LAA,2007,Angel Stadium,45262,Los Angeles Angels of Anaheim,AL West,162,0.58,0.0,1,3365632,28.6,28.4,J.Lackey,6.2,81.0,41551.0123457
LAA,2008,Angel Stadium,45281,Los Angeles Angels of Anaheim,AL West,162,0.617,0.0,1,3336747,28.9,27.6,E.Santana,5.0,81.0,41194.4074074
LAA,2009,Angel Stadium,45281,Los Angeles Angels of Anaheim,AL West,162,0.599,0.0,1,3240386,29.6,28.6,C.Figgins,7.7,81.0,40004.7654321
LAA,2010,Angel Stadium,45389,Los Angeles Angels of Anaheim,AL West,162,0.494,10.0,0,3250814,29.6,28.3,J.Weaver,5.3,81.0,40133.5061728
LAA,2011,Angel Stadium,45389,Los Angeles Angels of Anaheim,AL West,162,0.531,10.0,0,3166321,28.9,28.4,J.Weaver,6.9,81.0,39090.382716
LAA,2012,Angel Stadium,45957,Los Angeles Angels of Anaheim,AL West,162,0.549,5.0,0,3061770,28.8,30.1,M.Trout,10.8,81.0,37799.6296296
LAA,2013,Angel Stadium,45483,Los Angeles Angels of Anaheim,AL West,162,0.481,18.0,0,3019505,27.8,29.1,M.Trout,9.3,81.0,37277.8395062
LAA,2014,Angel Stadium,45483,Los Angeles Angels of Anaheim,AL West,162,0.605,0.0,1,3095935,29.3,28.4,M.Trout,8.0,81.0,38221.4197531
LAA,2015,Angel Stadium,45957,Los Angeles Angels of Anaheim,AL West,162,0.525,3.0,0,3012765,28.6,28.3,M.Trout,9.3,81.0,37194.6296296
LAA,2016,Angel Stadium,45493,Los Angeles Angels of Anaheim,AL West,162,0.457,21.0,0,3016142,28.5,28.4,M.Trout,10.4,81.0,37236.3209877
LAD,1990,Dodger Stadium,56000,Los Angeles Dodgers,NL West,162,0.531,5.0,0,3002396,29.7,28.2,E.Murray,5.1,81.0,37066.617284
LAD,1991,Dodger Stadium,56000,Los Angeles Dodgers,NL West,162,0.574,1.0,0,3348170,30.2,30.2,B.Butler,5.1,81.0,41335.4320988
LAD,1992,Dodger Stadium,56000,Los Angeles Dodgers,NL West,162,0.389,35.0,0,2473266,28.4,31.2,B.Butler,4.8,77.0,32120.3376623
LAD,1993,Dodger Stadium,56000,Los Angeles Dodgers,NL West,162,0.5,23.0,0,3170393,28.8,29.1,M.Piazza,7.0,81.0,39140.654321
LAD,1994,Dodger Stadium,56000,Los Angeles Dodgers,NL West,114,0.509,0.0,0,2279355,28.7,30.0,K.Gross,3.9,55.0,41442.8181818
LAD,1995,Dodger Stadium,56000,Los Angeles Dodgers,NL West,144,0.542,0.0,1,2766251,27.4,27.7,M.Piazza,6.2,72.0,38420.1527778
LAD,1996,Dodger Stadium,56000,Los Angeles Dodgers,NL West,162,0.556,1.0,1,3188454,27.9,28.2,M.Piazza,5.4,81.0,39363.6296296
LAD,1997,Dodger Stadium,56000,Los Angeles Dodgers,NL West,162,0.543,2.0,0,3319504,29.3,28.8,M.Piazza,8.7,81.0,40981.5308642
LAD,1998,Dodger Stadium,56000,Los Angeles Dodgers,NL West,162,0.512,15.0,0,3089222,28.3,27.6,G.Sheffield,3.4,81.0,38138.5432099
LAD,1999,Dodger Stadium,56000,Los Angeles Dodgers,NL West,162,0.475,23.0,0,3095346,29.2,28.6,K.Brown,5.6,81.0,38214.1481481
LAD,2000,Dodger Stadium,56000,Los Angeles Dodgers,NL West,162,0.531,11.0,0,2880242,29.6,29.5,K.Brown,6.7,81.0,35558.5432099
LAD,2001,Dodger Stadium,56000,Los Angeles Dodgers,NL West,162,0.531,6.0,0,3017143,30.2,30.5,S.Green,6.9,81.0,37248.6790123
LAD,2002,Dodger Stadium,56000,Los Angeles Dodgers,NL West,162,0.568,6.0,0,3131255,30.0,31.0,S.Green,6.9,81.0,38657.4691358
LAD,2003,Dodger Stadium,56000,Los Angeles Dodgers,NL West,162,0.525,15.5,0,3138626,29.9,31.2,K.Brown,4.5,81.0,38748.4691358
LAD,2004,Dodger Stadium,56000,Los Angeles Dodgers,NL West,162,0.574,0.0,1,3488283,28.9,29.5,A.Beltre,9.5,81.0,43065.2222222
LAD,2005,Dodger Stadium,56000,Los Angeles Dodgers,NL West,162,0.438,11.0,0,3603646,28.7,28.5,J.Kent,3.7,81.0,44489.4567901
LAD,2006,Dodger Stadium,56000,Los Angeles Dodgers,NL West,162,0.543,0.0,1,3758545,29.9,30.4,D.Lowe,4.6,81.0,46401.7901235
LAD,2007,Dodger Stadium,56000,Los Angeles Dodgers,NL West,162,0.506,8.0,0,3857036,29.7,31.1,B.Penny,6.6,81.0,47617.7283951
LAD,2008,Dodger Stadium,56000,Los Angeles Dodgers,NL West,162,0.519,0.0,1,3730553,28.5,29.5,D.Lowe,4.6,81.0,46056.2098765
LAD,2009,Dodger Stadium,56000,Los Angeles Dodgers,NL West,162,0.586,0.0,1,3761655,29.7,27.8,M.Kemp,4.8,81.0,46440.1851852
LAD,2010,Dodger Stadium,56000,Los Angeles Dodgers,NL West,162,0.494,12.0,0,3562320,30.2,28.1,C.Kershaw,5.2,81.0,43979.2592593
LAD,2011,Dodger Stadium,56000,Los Angeles Dodgers,NL West,161,0.509,11.5,0,2935139,29.8,28.6,M.Kemp,8.2,81.0,36236.2839506
LAD,2012,Dodger Stadium,56000,Los Angeles Dodgers,NL West,162,0.531,8.0,0,3324246,30.4,29.0,C.Kershaw,6.6,81.0,41040.0740741
LAD,2013,Dodger Stadium,56000,Los Angeles Dodgers,NL West,162,0.568,0.0,1,3743527,30.6,28.1,C.Kershaw,8.4,81.0,46216.382716
LAD,2014,Dodger Stadium,56000,Los Angeles Dodgers,NL West,162,0.58,0.0,1,3782337,29.3,29.9,C.Kershaw,8.1,81.0,46695.5185185
LAD,2015,Dodger Stadium,56000,Los Angeles Dodgers,NL West,162,0.568,0.0,1,3764815,29.5,28.1,Z.Greinke,9.7,81.0,46479.1975309
LAD,2016,Dodger Stadium,56000,Los Angeles Dodgers,NL West,162,0.562,0.0,1,3703312,28.9,28.9,C.Seager,6.0,81.0,45719.9012346
MIA,2012,Marlins Park,36742,Miami Marlins,NL East,162,0.426,29.0,0,2219444,28.3,28.8,G.Stanton,5.4,81.0,27400.5432099
MIA,2013,Marlins Park,36742,Miami Marlins,NL East,162,0.383,34.0,0,1586322,27.7,26.0,J.Fernandez,6.7,81.0,19584.2222222
MIA,2014,Marlins Park,36742,Miami Marlins,NL East,162,0.475,19.0,0,1732283,27.4,26.4,G.Stanton,6.6,81.0,21386.2098765
MIA,2015,Marlins Park,36742,Miami Marlins,NL East,162,0.438,19.0,0,1752235,27.9,27.3,D.Gordon,5.1,81.0,21632.5308642
MIA,2016,Marlins Park,36742,Miami Marlins,NL East,161,0.491,15.5,0,1712417,28.3,28.0,C.Yelich,5.2,80.0,21405.2125
MIL,1990,Milwaukee County Stadium,53192,Milwaukee Brewers,AL East,162,0.457,14.0,0,1752900,29.4,28.6,R.Robinson,3.3,79.0,22188.6075949
MIL,1991,Milwaukee County Stadium,53192,Milwaukee Brewers,AL East,162,0.512,8.0,0,1478729,30.1,27.0,P.Molitor,5.3,79.0,18718.0886076
MIL,1992,Milwaukee County Stadium,53192,Milwaukee Brewers,AL East,162,0.568,4.0,0,1857351,29.7,27.5,B.Wegman,4.9,79.0,23510.7721519
MIL,1993,Milwaukee County Stadium,53192,Milwaukee Brewers,AL East,162,0.426,26.0,0,1688080,28.4,27.3,G.Vaughn,6.7,78.0,21642.0512821
MIL,1994,Milwaukee County Stadium,53192,Milwaukee Brewers,AL Central,115,0.461,15.0,0,1268399,28.0,28.3,R.Bones,4.0,56.0,22649.9821429
MIL,1995,Milwaukee County Stadium,53192,Milwaukee Brewers,AL Central,144,0.451,35.0,0,1087560,27.9,27.3,R.Bones,3.4,71.0,15317.7464789
MIL,1996,Milwaukee County Stadium,53192,Milwaukee Brewers,AL Central,162,0.494,19.5,0,1327155,27.8,27.2,B.McDonald,5.4,78.0,17014.8076923
MIL,1997,Milwaukee County Stadium,53192,Milwaukee Brewers,AL Central,161,0.484,8.0,0,1444027,28.1,28.3,J.Cirillo,5.3,78.0,18513.1666667
MIL,1998,Milwaukee County Stadium,53192,Milwaukee Brewers,NL Central,162,0.457,28.0,0,1811593,28.4,28.1,J.Cirillo,5.9,79.0,22931.556962
MIL,1999,Milwaukee County Stadium,53192,Milwaukee Brewers,NL Central,161,0.46,22.5,0,1701796,28.1,28.2,J.Cirillo,4.8,78.0,21817.8974359
MIL,2000,Milwaukee County Stadium,53192,Milwaukee Brewers,NL Central,163,0.451,22.0,0,1573621,28.8,27.4,J.D'Amico,4.8,79.0,19919.2531646
MIL,2001,Miller Park,41900,Milwaukee Brewers,NL Central,162,0.42,25.0,0,2811041,29.4,27.3,R.Belliard,3.5,81.0,34704.2098765
MIL,2002,Miller Park,41900,Milwaukee Brewers,NL Central,162,0.346,41.0,0,1969153,29.9,26.8,J.Hernandez,4.4,81.0,24310.5308642
MIL,2003,Miller Park,41900,Milwaukee Brewers,NL Central,162,0.42,20.0,0,1700354,29.8,27.6,S.Podsednik,3.6,81.0,20992.0246914
MIL,2004,Miller Park,41900,Milwaukee Brewers,NL Central,161,0.416,37.5,0,2062382,28.5,27.2,B.Sheets,7.3,81.0,25461.5061728
MIL,2005,Miller Park,41900,Milwaukee Brewers,NL Central,162,0.5,19.0,0,2211023,28.4,28.0,G.Jenkins,4.6,81.0,27296.5802469
MIL,2006,Miller Park,41900,Milwaukee Brewers,NL Central,162,0.463,8.5,0,2335643,28.8,28.3,B.Hall,5.8,81.0,28835.0987654
MIL,2007,Miller Park,41900,Milwaukee Brewers,NL Central,162,0.512,2.0,0,2869144,27.7,29.1,C.Hart,4.7,81.0,35421.5308642
MIL,2008,Miller Park,41900,Milwaukee Brewers,NL Central,162,0.556,7.5,1,3068458,28.7,29.9,C.Sabathia,5.2,81.0,37882.1975309
MIL,2009,Miller Park,41900,Milwaukee Brewers,NL Central,162,0.494,11.0,0,3037451,29.3,30.0,P.Fielder,6.3,81.0,37499.3950617
MIL,2010,Miller Park,41900,Milwaukee Brewers,NL Central,162,0.475,14.0,0,2776531,27.8,29.2,R.Braun,5.7,81.0,34278.1604938
MIL,2011,Miller Park,41900,Milwaukee Brewers,NL Central,162,0.593,0.0,1,3071373,28.9,29.3,R.Braun,7.8,81.0,37918.1851852
MIL,2012,Miller Park,41900,Milwaukee Brewers,NL Central,162,0.512,14.0,0,2831385,29.2,29.0,R.Braun,6.9,81.0,34955.3703704
MIL,2013,Miller Park,41900,Milwaukee Brewers,NL Central,162,0.457,23.0,0,2531105,27.9,28.8,C.Gomez,8.5,81.0,31248.2098765
MIL,2014,Miller Park,41900,Milwaukee Brewers,NL Central,162,0.506,8.0,0,2797384,28.8,29.0,J.Lucroy,6.7,81.0,34535.6049383
MIL,2015,Miller Park,41900,Milwaukee Brewers,NL Central,162,0.42,32.0,0,2542558,28.1,28.4,R.Braun,3.8,81.0,31389.6049383
MIL,2016,Miller Park,41900,Milwaukee Brewers,NL Central,162,0.451,30.5,0,2314614,27.5,28.1,R.Braun,4.5,81.0,28575.4814815
MIN,1990,Metrodome,55883,Minnesota Twins,AL West,162,0.457,29.0,0,1751584,29.4,27.1,G.Gagne,3.2,80.0,21894.8
MIN,1991,Metrodome,55883,Minnesota Twins,AL West,162,0.586,0.0,2,2293842,29.1,28.6,K.Tapani,6.8,81.0,28319.037037
MIN,1992,Metrodome,55883,Minnesota Twins,AL West,162,0.556,6.0,0,2482428,28.7,27.7,K.Puckett,7.1,81.0,30647.2592593
MIN,1993,Metrodome,55883,Minnesota Twins,AL West,162,0.438,23.0,0,2048673,29.6,27.5,C.Knoblauch,3.6,81.0,25292.2592593
MIN,1994,Metrodome,55883,Minnesota Twins,AL Central,113,0.469,14.0,0,1398565,28.9,28.1,C.Knoblauch,4.0,59.0,23704.4915254
MIN,1995,Metrodome,56783,Minnesota Twins,AL Central,144,0.389,44.0,0,1057667,27.3,25.7,C.Knoblauch,6.7,72.0,14689.8194444
MIN,1996,Metrodome,56783,Minnesota Twins,AL Central,162,0.481,21.5,0,1437352,28.4,25.8,C.Knoblauch,8.6,80.0,17966.9
MIN,1997,Metrodome,56783,Minnesota Twins,AL Central,162,0.42,18.5,0,1411064,29.1,28.1,C.Knoblauch,6.7,81.0,17420.5432099
MIN,1998,Metrodome,48678,Minnesota Twins,AL Central,162,0.432,19.0,0,1165976,29.8,28.7,B.Radke,5.2,81.0,14394.7654321
MIN,1999,Metrodome,48678,Minnesota Twins,AL Central,161,0.394,33.0,0,1202829,26.8,26.3,B.Radke,6.5,81.0,14849.7407407
MIN,2000,Metrodome,48678,Minnesota Twins,AL Central,162,0.426,26.0,0,1000760,26.5,26.6,B.Radke,6.2,81.0,12355.0617284
MIN,2001,Metrodome,48678,Minnesota Twins,AL Central,162,0.525,6.0,0,1782929,26.4,27.4,J.Mays,6.6,80.0,22286.6125
MIN,2002,Metrodome,48678,Minnesota Twins,AL Central,161,0.584,0.0,1,1924473,26.8,28.8,J.Jones,5.4,81.0,23758.9259259
MIN,2003,Metrodome,48678,Minnesota Twins,AL Central,162,0.556,0.0,1,1946011,27.3,29.7,A.Pierzynski,4.5,81.0,24024.8271605
MIN,2004,Metrodome,45423,Minnesota Twins,AL Central,162,0.568,0.0,1,1911490,27.9,28.2,J.Santana,8.8,81.0,23598.6419753
MIN,2005,Metrodome,45423,Minnesota Twins,AL Central,162,0.512,16.0,0,2034243,27.6,27.9,J.Santana,7.2,81.0,25114.1111111
MIN,2006,Metrodome,45423,Minnesota Twins,AL Central,162,0.593,0.0,1,2285018,28.2,26.9,J.Santana,7.6,81.0,28210.0987654
MIN,2007,Metrodome,45423,Minnesota Twins,AL Central,162,0.488,17.0,0,2296383,28.4,27.4,J.Santana,5.2,81.0,28350.4074074
MIN,2008,Metrodome,45423,Minnesota Twins,AL Central,163,0.54,1.0,0,2302431,26.4,27.5,J.Mauer,5.6,81.0,28425.0740741
MIN,2009,Metrodome,45423,Minnesota Twins,AL Central,163,0.534,0.0,1,2416237,27.7,27.9,J.Mauer,7.8,82.0,29466.304878
MIN,2010,Target Field,39504,Minnesota Twins,AL Central,162,0.58,0.0,1,3223640,28.5,28.6,J.Mauer,5.9,81.0,39798.0246914
MIN,2011,Target Field,39504,Minnesota Twins,AL Central,162,0.389,32.0,0,3168116,27.6,28.5,S.Baker,4.4,81.0,39112.5432099
MIN,2012,Target Field,39504,Minnesota Twins,AL Central,162,0.407,22.0,0,2776354,28.8,27.8,D.Span,5.0,81.0,34275.9753086
MIN,2013,Target Field,39021,Minnesota Twins,AL Central,162,0.407,27.0,0,2477644,28.3,28.3,J.Mauer,5.3,81.0,30588.1975309
MIN,2014,Target Field,39021,Minnesota Twins,AL Central,162,0.432,20.0,0,2250606,27.6,29.2,B.Dozier,5.2,81.0,27785.2592593
MIN,2015,Target Field,39021,Minnesota Twins,AL Central,162,0.512,12.0,0,2220054,28.3,29.1,K.Gibson,3.0,81.0,27408.0740741
MIN,2016,Target Field,38871,Minnesota Twins,AL Central,162,0.364,35.5,0,1963912,27.0,28.3,B.Dozier,6.4,81.0,24245.8271605
MON,1990,Olympic Stadium,45757,Montreal Expos,NL East,162,0.525,10.0,0,1373087,27.7,29.3,D.Martinez,4.3,81.0,16951.691358
MON,1991,Olympic Stadium,45757,Montreal Expos,NL East,161,0.441,26.5,0,934742,27.7,28.4,D.Martinez,5.8,67.0,13951.3731343
MON,1992,Olympic Stadium,45757,Montreal Expos,NL East,162,0.537,9.0,0,1669127,27.4,28.0,M.Grissom,5.4,80.0,20864.0875
MON,1993,Olympic Stadium,45757,Montreal Expos,NL East,163,0.58,3.0,0,1641437,25.7,27.9,M.Grissom,5.2,81.0,20264.654321
MON,1994,Olympic Stadium,45757,Montreal Expos,NL East,114,0.649,0.0,0,1276250,26.2,26.2,M.Alou,5.1,52.0,24543.2692308
MON,1995,Olympic Stadium,45757,Montreal Expos,NL East,144,0.458,24.0,0,1309618,26.2,27.6,P.Martinez,4.2,72.0,18189.1388889
MON,1996,Olympic Stadium,45757,Montreal Expos,NL East,162,0.543,8.0,0,1616709,27.4,27.5,J.Fassero,5.3,81.0,19959.3703704
MON,1997,Olympic Stadium,45757,Montreal Expos,NL East,162,0.481,23.0,0,1497609,27.7,26.4,P.Martinez,8.8,81.0,18489.0
MON,1998,Olympic Stadium,45757,Montreal Expos,NL East,162,0.401,41.0,0,914909,25.9,25.7,V.Guerrero,7.4,81.0,11295.1728395
MON,1999,Olympic Stadium,45757,Montreal Expos,NL East,162,0.42,35.0,0,773277,25.9,25.5,V.Guerrero,4.4,81.0,9546.62962963
MON,2000,Olympic Stadium,45757,Montreal Expos,NL East,162,0.414,28.0,0,926272,26.2,26.1,V.Guerrero,5.9,81.0,11435.4567901
MON,2001,Olympic Stadium,45757,Montreal Expos,NL East,162,0.42,20.0,0,642745,27.6,27.4,J.Vazquez,6.3,81.0,7935.12345679
MON,2002,Olympic Stadium,45757,Montreal Expos,NL East,162,0.512,19.0,0,812045,28.2,27.7,V.Guerrero,7.0,81.0,10025.2469136
MON,2003,Olympic Stadium,45757,Montreal Expos,NL East,162,0.512,18.0,0,1025639,27.7,26.7,L.Hernandez,6.4,81.0,12662.2098765
MON,2004,Olympic Stadium,45757,Montreal Expos,NL East,162,0.414,29.0,0,749550,27.5,26.5,L.Hernandez,5.8,80.0,9369.375
NYM,1990,Shea Stadium,55601,New York Mets,NL East,162,0.562,4.0,0,2732745,27.5,28.0,F.Viola,6.3,77.0,35490.1948052
NYM,1991,Shea Stadium,55601,New York Mets,NL East,161,0.478,20.5,0,2284484,29.1,28.0,D.Cone,4.3,78.0,29288.2564103
NYM,1992,Shea Stadium,55601,New York Mets,NL East,162,0.444,24.0,0,1779534,30.0,28.2,S.Fernandez,6.3,76.0,23414.9210526
NYM,1993,Shea Stadium,55601,New York Mets,NL East,162,0.364,38.0,0,1873183,29.4,29.2,D.Gooden,4.2,79.0,23711.1772152
NYM,1994,Shea Stadium,55777,New York Mets,NL East,113,0.487,18.5,0,1151471,27.8,28.6,B.Saberhagen,5.7,52.0,22143.6730769
NYM,1995,Shea Stadium,55777,New York Mets,NL East,144,0.479,21.0,0,1273183,27.4,27.2,J.Kent,3.2,71.0,17932.1549296
NYM,1996,Shea Stadium,55777,New York Mets,NL East,162,0.438,25.0,0,1588323,27.2,27.4,B.Gilkey,8.0,78.0,20363.1153846
NYM,1997,Shea Stadium,55777,New York Mets,NL East,162,0.543,13.0,0,1766174,27.3,29.4,E.Alfonzo,6.2,78.0,22643.2564103
NYM,1998,Shea Stadium,55777,New York Mets,NL East,162,0.543,18.0,0,2287948,28.9,31.7,J.Olerud,7.6,77.0,29713.6103896
NYM,1999,Shea Stadium,55777,New York Mets,NL East,163,0.595,6.5,1,2725668,30.1,32.7,R.Ventura,6.7,79.0,34502.1265823
NYM,2000,Shea Stadium,55777,New York Mets,NL East,162,0.58,1.0,1,2820530,30.4,31.0,E.Alfonzo,6.4,78.0,36160.6410256
NYM,2001,Shea Stadium,55777,New York Mets,NL East,162,0.506,6.0,0,2658330,30.5,31.1,M.Piazza,4.4,81.0,32818.8888889
NYM,2002,Shea Stadium,56749,New York Mets,NL East,161,0.466,26.5,0,2804838,30.6,30.3,E.Alfonzo,5.0,78.0,35959.4615385
NYM,2003,Shea Stadium,56749,New York Mets,NL East,161,0.41,34.5,0,2140599,29.3,31.6,S.Trachsel,4.5,77.0,27799.987013
NYM,2004,Shea Stadium,57405,New York Mets,NL East,162,0.438,25.0,0,2318951,29.8,32.5,A.Leiter,4.7,80.0,28986.8875
NYM,2005,Shea Stadium,57369,New York Mets,NL East,162,0.512,7.0,0,2829929,28.8,31.9,P.Martinez,6.5,80.0,35374.1125
NYM,2006,Shea Stadium,57333,New York Mets,NL East,162,0.599,0.0,1,3379535,30.2,32.2,C.Beltran,8.2,78.0,43327.3717949
NYM,2007,Shea Stadium,57333,New York Mets,NL East,162,0.543,1.0,0,3853955,30.8,31.3,D.Wright,8.3,81.0,47579.691358
NYM,2008,Shea Stadium,57333,New York Mets,NL East,162,0.549,3.0,0,4042045,30.1,29.0,J.Santana,7.2,79.0,51165.1265823
NYM,2009,Citi Field,41800,New York Mets,NL East,162,0.432,23.0,0,3168571,29.5,29.2,A.Pagan,4.0,81.0,39118.1604938
NYM,2010,Citi Field,41800,New York Mets,NL East,162,0.488,18.0,0,2559738,28.4,29.5,A.Pagan,5.3,79.0,32401.7468354
NYM,2011,Citi Field,41800,New York Mets,NL East,162,0.475,25.0,0,2352596,28.0,30.0,J.Reyes,4.7,78.0,30161.4871795
NYM,2012,Citi Field,41922,New York Mets,NL East,162,0.457,24.0,0,2242803,27.9,30.3,D.Wright,7.0,80.0,28035.0375
NYM,2013,Citi Field,41922,New York Mets,NL East,162,0.457,22.0,0,2135657,28.3,29.1,D.Wright,5.9,80.0,26695.7125
NYM,2014,Citi Field,41922,New York Mets,NL East,162,0.488,17.0,0,2148808,28.4,28.9,J.Lagares,5.5,80.0,26860.1
NYM,2015,Citi Field,41922,New York Mets,NL East,162,0.556,0.0,1,2569753,28.6,28.2,J.deGrom,5.5,81.0,31725.345679
NYM,2016,Citi Field,41922,New York Mets,NL East,162,0.537,8.0,1,2789602,29.5,28.4,N.Syndergaard,5.9,80.0,34870.025
NYY,1990,Yankee Stadium I,57545,New York Yankees,AL East,162,0.414,21.0,0,2006436,28.2,29.1,R.Kelly,5.4,80.0,25080.45
NYY,1991,Yankee Stadium I,57545,New York Yankees,AL East,162,0.438,20.0,0,1863733,27.8,29.5,S.Sax,4.1,78.0,23894.0128205
NYY,1992,Yankee Stadium I,57545,New York Yankees,AL East,162,0.469,20.0,0,1748737,28.3,29.5,M.Perez,5.9,80.0,21859.2125
NYY,1993,Yankee Stadium I,57545,New York Yankees,AL East,162,0.543,7.0,0,2416942,29.7,28.9,J.Key,6.3,80.0,30211.775
NYY,1994,Yankee Stadium I,57545,New York Yankees,AL East,113,0.619,0.0,0,1675556,30.5,29.8,W.Boggs,4.5,57.0,29395.7192982
NYY,1995,Yankee Stadium I,57545,New York Yankees,AL East,145,0.549,7.0,1,1705263,31.0,28.1,B.Williams,6.4,70.0,24360.9
NYY,1996,Yankee Stadium I,57545,New York Yankees,AL East,162,0.568,0.0,2,2250877,30.1,29.3,A.Pettitte,5.6,78.0,28857.3974359
NYY,1997,Yankee Stadium I,57545,New York Yankees,AL East,162,0.593,2.0,1,2580325,30.5,29.6,A.Pettitte,8.4,78.0,33081.0897436
NYY,1998,Yankee Stadium I,57545,New York Yankees,AL East,162,0.704,0.0,2,2955193,30.4,30.2,D.Jeter,7.5,80.0,36939.9125
NYY,1999,Yankee Stadium I,57545,New York Yankees,AL East,162,0.605,0.0,2,3292736,30.9,31.2,D.Jeter,8.0,81.0,40651.0617284
NYY,2000,Yankee Stadium I,57545,New York Yankees,AL East,161,0.54,0.0,2,3055435,31.3,32.0,J.Posada,5.5,80.0,38192.9375
NYY,2001,Yankee Stadium I,57545,New York Yankees,AL East,161,0.594,0.0,1,3264907,31.1,30.9,M.Mussina,7.1,80.0,40811.3375
NYY,2002,Yankee Stadium I,57545,New York Yankees,AL East,161,0.64,0.0,1,3465807,30.1,33.1,J.Giambi,7.1,80.0,43322.5875
NYY,2003,Yankee Stadium I,57478,New York Yankees,AL East,163,0.623,0.0,1,3465600,30.5,33.7,M.Mussina,6.6,81.0,42785.1851852
NYY,2004,Yankee Stadium I,57478,New York Yankees,AL East,162,0.623,0.0,1,3775292,32.3,32.9,A.Rodriguez,7.6,79.0,47788.5063291
NYY,2005,Yankee Stadium I,56936,New York Yankees,AL East,162,0.586,0.0,1,4090696,32.4,34.2,A.Rodriguez,9.4,81.0,50502.4197531
NYY,2006,Yankee Stadium I,56936,New York Yankees,AL East,162,0.599,0.0,1,4248067,30.9,32.5,C.Wang,6.0,81.0,52445.2716049
NYY,2007,Yankee Stadium I,56936,New York Yankees,AL East,162,0.58,2.0,1,4271083,30.7,31.4,A.Rodriguez,9.4,81.0,52729.4197531
NYY,2008,Yankee Stadium I,56936,New York Yankees,AL East,162,0.549,8.0,0,4298655,31.3,30.6,A.Rodriguez,6.8,81.0,53069.8148148
NYY,2009,Yankee Stadium II,50287,New York Yankees,AL East,162,0.636,0.0,2,3719358,30.5,29.3,D.Jeter,6.5,81.0,45918.0
NYY,2010,Yankee Stadium II,50287,New York Yankees,AL East,162,0.586,1.0,1,3765807,30.2,30.3,R.Cano,8.1,81.0,46491.4444444
NYY,2011,Yankee Stadium II,50291,New York Yankees,AL East,162,0.599,0.0,1,3653680,30.5,31.0,C.Sabathia,7.0,81.0,45107.1604938
NYY,2012,Yankee Stadium II,50291,New York Yankees,AL East,162,0.586,0.0,1,3542406,32.7,30.3,R.Cano,8.4,81.0,43733.4074074
NYY,2013,Yankee Stadium II,50291,New York Yankees,AL East,162,0.525,12.0,0,3279589,31.8,31.8,R.Cano,7.8,81.0,40488.7530864
NYY,2014,Yankee Stadium II,49642,New York Yankees,AL East,162,0.519,12.0,0,3401624,32.5,29.3,B.Gardner,4.1,80.0,42520.3
NYY,2015,Yankee Stadium II,49638,New York Yankees,AL East,162,0.537,6.0,1,3193795,31.2,27.4,D.Betances,4.0,80.0,39922.4375
NYY,2016,Yankee Stadium II,49469,New York Yankees,AL East,162,0.519,9.0,0,3063405,29.9,27.9,M.Tanaka,5.2,81.0,37819.8148148
OAK,1990,O.co Coliseum,48219,Oakland Athletics,AL West,162,0.636,0.0,1,2900217,29.2,31.7,R.Henderson,9.9,80.0,36252.7125
OAK,1991,O.co Coliseum,47450,Oakland Athletics,AL West,162,0.519,11.0,0,2713493,29.9,30.9,D.Henderson,5.4,81.0,33499.9135802
OAK,1992,O.co Coliseum,47313,Oakland Athletics,AL West,162,0.593,0.0,1,2494160,30.2,32.0,M.McGwire,6.4,81.0,30792.0987654
OAK,1993,O.co Coliseum,47313,Oakland Athletics,AL West,162,0.42,26.0,0,2035025,28.3,30.9,R.Henderson,4.5,79.0,25759.8101266
OAK,1994,O.co Coliseum,47313,Oakland Athletics,AL West,114,0.447,1.0,0,1242692,29.3,29.8,R.Henderson,3.5,56.0,22190.9285714
OAK,1995,O.co Coliseum,47313,Oakland Athletics,AL West,144,0.465,11.5,0,1174310,29.6,30.9,M.McGwire,5.5,71.0,16539.5774648
OAK,1996,O.co Coliseum,39875,Oakland Athletics,AL West,162,0.481,12.0,0,1148380,28.2,27.1,M.McGwire,6.4,80.0,14354.75
OAK,1997,O.co Coliseum,39875,Oakland Athletics,AL West,162,0.401,25.0,0,1264218,28.1,27.8,M.McGwire,3.1,79.0,16002.7594937
OAK,1998,O.co Coliseum,43662,Oakland Athletics,AL West,162,0.457,14.0,0,1232343,29.0,31.0,K.Rogers,7.5,79.0,15599.278481
OAK,1999,O.co Coliseum,43662,Oakland Athletics,AL West,162,0.537,8.0,0,1434610,28.9,31.4,J.Giambi,5.9,81.0,17711.2345679
OAK,2000,O.co Coliseum,43662,Oakland Athletics,AL West,161,0.565,0.0,1,1603744,27.5,29.5,J.Giambi,7.7,81.0,19799.308642
OAK,2001,O.co Coliseum,43662,Oakland Athletics,AL West,162,0.63,14.0,1,2133277,27.5,28.0,J.Giambi,9.1,81.0,26336.7530864
OAK,2002,O.co Coliseum,43662,Oakland Athletics,AL West,162,0.636,0.0,1,2169811,28.6,27.4,B.Zito,7.1,81.0,26787.7901235
OAK,2003,O.co Coliseum,43662,Oakland Athletics,AL West,162,0.593,0.0,1,2216596,28.4,27.4,T.Hudson,7.5,81.0,27365.382716
OAK,2004,O.co Coliseum,43662,Oakland Athletics,AL West,162,0.562,1.0,0,2201516,29.6,28.4,E.Chavez,5.5,81.0,27179.2098765
OAK,2005,O.co Coliseum,43662,Oakland Athletics,AL West,162,0.543,7.0,0,2109118,28.6,26.6,E.Chavez,4.8,81.0,26038.4938272
OAK,2006,O.co Coliseum,34077,Oakland Athletics,AL West,162,0.574,0.0,1,1976625,29.5,27.0,B.Zito,4.4,81.0,24402.7777778
OAK,2007,O.co Coliseum,34077,Oakland Athletics,AL West,162,0.469,18.0,0,1921844,28.8,26.9,M.Ellis,4.8,81.0,23726.4691358
OAK,2008,O.co Coliseum,35067,Oakland Athletics,AL West,161,0.466,24.5,0,1665256,27.2,26.5,M.Ellis,4.0,81.0,20558.7160494
OAK,2009,O.co Coliseum,35067,Oakland Athletics,AL West,162,0.463,22.0,0,1408783,29.0,25.7,A.Bailey,3.7,81.0,17392.382716
OAK,2010,O.co Coliseum,35067,Oakland Athletics,AL West,162,0.5,9.0,0,1418391,27.7,26.0,D.Barton,5.5,81.0,17511.0
OAK,2011,O.co Coliseum,35067,Oakland Athletics,AL West,162,0.457,22.0,0,1476791,29.0,27.4,G.Gonzalez,4.2,80.0,18459.8875
OAK,2012,O.co Coliseum,35067,Oakland Athletics,AL West,162,0.58,0.0,1,1679013,27.7,27.9,J.Reddick,5.0,81.0,20728.5555556
OAK,2013,O.co Coliseum,35067,Oakland Athletics,AL West,162,0.593,0.0,1,1809302,28.3,28.3,J.Donaldson,7.7,81.0,22337.0617284
OAK,2014,O.co Coliseum,35067,Oakland Athletics,AL West,162,0.543,10.0,1,2003628,29.5,28.2,J.Donaldson,7.5,80.0,25045.35
OAK,2015,O.co Coliseum,35067,Oakland Athletics,AL West,162,0.42,20.0,0,1768175,27.9,27.8,S.Gray,5.3,81.0,21829.3209877
OAK,2016,O.co Coliseum,35067,Oakland Athletics,AL West,162,0.426,26.0,0,1521506,28.7,27.9,K.Graveman,3.2,81.0,18784.0246914
PHI,1990,Veterans Stadium,62382,Philadelphia Phillies,NL East,162,0.475,18.0,0,1992484,28.6,26.5,L.Dykstra,8.9,77.0,25876.4155844
PHI,1991,Veterans Stadium,62382,Philadelphia Phillies,NL East,162,0.481,20.0,0,2050012,29.0,26.7,J.Kruk,4.7,83.0,24698.939759
PHI,1992,Veterans Stadium,62382,Philadelphia Phillies,NL East,162,0.432,26.0,0,1927448,27.7,26.8,D.Daulton,6.9,78.0,24710.8717949
PHI,1993,Veterans Stadium,62586,Philadelphia Phillies,NL East,162,0.599,0.0,1,3137674,29.3,28.8,L.Dykstra,6.5,80.0,39220.925
PHI,1994,Veterans Stadium,62530,Philadelphia Phillies,NL East,115,0.47,20.5,0,2290971,29.8,29.3,D.Jackson,4.7,58.0,39499.5
PHI,1995,Veterans Stadium,62530,Philadelphia Phillies,NL East,144,0.479,21.0,0,2043598,29.7,27.1,R.Bottalico,2.9,71.0,28783.0704225
PHI,1996,Veterans Stadium,62136,Philadelphia Phillies,NL East,162,0.414,29.0,0,1801677,28.4,27.7,C.Schilling,4.8,78.0,23098.4230769
PHI,1997,Veterans Stadium,62136,Philadelphia Phillies,NL East,162,0.42,33.0,0,1490638,27.8,27.9,C.Schilling,6.3,77.0,19358.9350649
PHI,1998,Veterans Stadium,62363,Philadelphia Phillies,NL East,162,0.463,31.0,0,1715722,27.1,29.3,S.Rolen,6.7,79.0,21718.0
PHI,1999,Veterans Stadium,62363,Philadelphia Phillies,NL East,162,0.475,26.0,0,1825337,28.2,28.3,B.Abreu,6.1,80.0,22816.7125
PHI,2000,Veterans Stadium,62363,Philadelphia Phillies,NL East,162,0.401,30.0,0,1612769,28.5,28.7,B.Abreu,6.2,80.0,20159.6125
PHI,2001,Veterans Stadium,61831,Philadelphia Phillies,NL East,162,0.531,2.0,0,1782054,26.9,28.9,S.Rolen,5.5,78.0,22846.8461538
PHI,2002,Veterans Stadium,61831,Philadelphia Phillies,NL East,161,0.497,21.5,0,1618467,27.5,28.5,B.Abreu,5.8,79.0,20486.9240506
PHI,2003,Veterans Stadium,61831,Philadelphia Phillies,NL East,162,0.531,15.0,0,2259948,28.3,29.0,B.Abreu,5.3,78.0,28973.6923077
PHI,2004,Citizens Bank Park,43500,Philadelphia Phillies,NL East,162,0.531,10.0,0,3250092,29.3,29.8,B.Abreu,6.5,80.0,40626.15
PHI,2005,Citizens Bank Park,43500,Philadelphia Phillies,NL East,162,0.543,2.0,0,2665304,30.0,29.7,C.Utley,7.2,80.0,33316.3
PHI,2006,Citizens Bank Park,43308,Philadelphia Phillies,NL East,162,0.525,12.0,0,2701815,29.3,30.5,C.Utley,7.3,79.0,34200.1898734
PHI,2007,Citizens Bank Park,43647,Philadelphia Phillies,NL East,162,0.549,0.0,1,3108325,28.8,30.6,C.Utley,7.8,81.0,38374.382716
PHI,2008,Citizens Bank Park,43647,Philadelphia Phillies,NL East,162,0.568,0.0,2,3422583,30.1,30.6,C.Utley,9.0,81.0,42254.1111111
PHI,2009,Citizens Bank Park,43647,Philadelphia Phillies,NL East,162,0.574,0.0,1,3600693,31.3,31.2,C.Utley,8.2,81.0,44453.0
PHI,2010,Citizens Bank Park,43647,Philadelphia Phillies,NL East,162,0.599,0.0,1,3777322,31.8,31.1,R.Halladay,8.3,84.0,44968.1190476
PHI,2011,Citizens Bank Park,43651,Philadelphia Phillies,NL East,162,0.63,0.0,1,3680718,31.4,29.2,C.Lee,9.0,81.0,45440.962963
PHI,2012,Citizens Bank Park,43651,Philadelphia Phillies,NL East,162,0.5,17.0,0,3565718,31.1,29.1,C.Hamels,5.4,81.0,44021.2098765
PHI,2013,Citizens Bank Park,43651,Philadelphia Phillies,NL East,162,0.451,23.0,0,3012403,30.0,28.7,C.Lee,7.2,81.0,37190.1604938
PHI,2014,Citizens Bank Park,43651,Philadelphia Phillies,NL East,162,0.451,23.0,0,2423852,30.8,30.1,C.Hamels,6.9,81.0,29924.0987654
PHI,2015,Citizens Bank Park,43651,Philadelphia Phillies,NL East,162,0.389,27.0,0,1831080,28.0,28.5,O.Herrera,4.0,78.0,23475.3846154
PHI,2016,Citizens Bank Park,43651,Philadelphia Phillies,NL East,162,0.438,24.0,0,1915144,26.9,26.3,O.Herrera,4.2,81.0,23643.7530864
PIT,1990,Three Rivers Stadium,58729,Pittsburgh Pirates,NL East,162,0.586,0.0,1,2049908,27.7,28.9,B.Bonds,9.7,78.0,26280.8717949
PIT,1991,Three Rivers Stadium,58729,Pittsburgh Pirates,NL East,162,0.605,0.0,1,2065302,28.1,28.4,B.Bonds,7.9,83.0,24883.1566265
PIT,1992,Three Rivers Stadium,58729,Pittsburgh Pirates,NL East,162,0.593,0.0,1,1829395,28.7,29.2,B.Bonds,9.0,81.0,22585.1234568
PIT,1993,Three Rivers Stadium,47952,Pittsburgh Pirates,NL East,162,0.463,22.0,0,1650593,28.1,27.6,J.Bell,6.2,79.0,20893.5822785
PIT,1994,Three Rivers Stadium,47952,Pittsburgh Pirates,NL Central,114,0.465,13.0,0,1222520,29.1,27.2,J.Bell,3.4,60.0,20375.3333333
PIT,1995,Three Rivers Stadium,47952,Pittsburgh Pirates,NL Central,144,0.403,27.0,0,905517,28.3,26.4,D.Neagle,4.5,70.0,12935.9571429
PIT,1996,Three Rivers Stadium,47952,Pittsburgh Pirates,NL Central,162,0.451,15.0,0,1332150,28.8,27.9,D.Neagle,6.0,78.0,17078.8461538
PIT,1997,Three Rivers Stadium,47952,Pittsburgh Pirates,NL Central,162,0.488,5.0,0,1657022,26.6,25.7,F.Cordova,4.3,80.0,20712.775
PIT,1998,Three Rivers Stadium,47952,Pittsburgh Pirates,NL Central,163,0.426,33.0,0,1560950,26.7,26.5,J.Kendall,5.6,80.0,19511.875
PIT,1999,Three Rivers Stadium,47952,Pittsburgh Pirates,NL Central,161,0.484,18.5,0,1638023,28.3,26.8,B.Giles,6.6,80.0,20475.2875
PIT,2000,Three Rivers Stadium,47952,Pittsburgh Pirates,NL Central,162,0.426,26.0,0,1748908,28.3,27.1,B.Giles,6.4,79.0,22138.0759494
PIT,2001,PNC Park,37898,Pittsburgh Pirates,NL Central,162,0.383,31.0,0,2464870,27.8,28.1,B.Giles,5.3,79.0,31200.8860759
PIT,2002,PNC Park,37898,Pittsburgh Pirates,NL Central,161,0.447,24.5,0,1784988,27.9,28.1,B.Giles,5.3,79.0,22594.7848101
PIT,2003,PNC Park,37898,Pittsburgh Pirates,NL Central,162,0.463,13.0,0,1636751,29.7,28.3,K.Wells,5.1,78.0,20983.9871795
PIT,2004,PNC Park,38496,Pittsburgh Pirates,NL Central,161,0.447,32.5,0,1580031,27.2,27.7,O.Perez,5.9,75.0,21067.08
PIT,2005,PNC Park,38496,Pittsburgh Pirates,NL Central,162,0.414,33.0,0,1817245,27.4,28.7,J.Bay,5.7,79.0,23003.1012658
PIT,2006,PNC Park,38496,Pittsburgh Pirates,NL Central,162,0.414,16.5,0,1861549,27.8,27.0,F.Sanchez,4.4,80.0,23269.3625
PIT,2007,PNC Park,38496,Pittsburgh Pirates,NL Central,162,0.42,17.0,0,1749142,27.2,27.1,J.Wilson,3.6,79.0,22141.0379747
PIT,2008,PNC Park,38362,Pittsburgh Pirates,NL Central,162,0.414,30.5,0,1609076,28.4,26.5,P.Maholm,3.8,80.0,20113.45
PIT,2009,PNC Park,38362,Pittsburgh Pirates,NL Central,161,0.385,28.5,0,1577853,27.0,26.3,J.Wilson,3.2,81.0,19479.6666667
PIT,2010,PNC Park,38362,Pittsburgh Pirates,NL Central,162,0.352,34.0,0,1613399,26.5,28.6,A.McCutchen,3.8,81.0,19918.5061728
PIT,2011,PNC Park,38362,Pittsburgh Pirates,NL Central,162,0.444,24.0,0,1940429,27.2,28.1,A.McCutchen,5.7,80.0,24255.3625
PIT,2012,PNC Park,38362,Pittsburgh Pirates,NL Central,162,0.488,18.0,0,2091918,27.6,30.2,A.McCutchen,7.0,80.0,26148.975
PIT,2013,PNC Park,38362,Pittsburgh Pirates,NL Central,162,0.58,3.0,1,2256862,27.9,28.7,A.McCutchen,8.1,80.0,28210.775
PIT,2014,PNC Park,38362,Pittsburgh Pirates,NL Central,162,0.543,2.0,1,2442564,27.3,28.1,A.McCutchen,6.3,81.0,30155.1111111
PIT,2015,PNC Park,38362,Pittsburgh Pirates,NL Central,162,0.605,2.0,1,2498596,28.2,29.6,S.Marte,5.3,81.0,30846.8641975
PIT,2016,PNC Park,38362,Pittsburgh Pirates,NL Central,162,0.484,25.0,0,2249201,28.9,28.6,S.Marte,4.8,80.0,28115.0125
SDP,1990,Qualcomm Stadium,59022,San Diego Padres,NL West,162,0.463,16.0,0,1856396,28.7,29.5,E.Whitson,7.1,79.0,23498.6835443
SDP,1991,Qualcomm Stadium,59254,San Diego Padres,NL West,162,0.519,10.0,0,1804289,28.0,29.0,T.Gwynn,5.6,81.0,22275.1728395
SDP,1992,Qualcomm Stadium,59700,San Diego Padres,NL West,162,0.506,16.0,0,1721406,28.4,29.1,G.Sheffield,6.2,81.0,21251.9259259
SDP,1993,Qualcomm Stadium,59411,San Diego Padres,NL West,162,0.377,43.0,0,1375432,26.9,26.7,G.Harris,4.9,80.0,17192.9
SDP,1994,Qualcomm Stadium,46510,San Diego Padres,NL West,117,0.402,12.5,0,953857,27.2,26.8,T.Gwynn,4.2,57.0,16734.3333333
SDP,1995,Qualcomm Stadium,47750,San Diego Padres,NL West,144,0.486,8.0,0,1041805,28.8,26.6,A.Ashby,5.1,71.0,14673.3098592
SDP,1996,Qualcomm Stadium,49639,San Diego Padres,NL West,162,0.562,0.0,1,2187886,30.9,28.7,K.Caminiti,7.6,81.0,27010.9382716
SDP,1997,Qualcomm Stadium,59771,San Diego Padres,NL West,162,0.469,14.0,0,2089333,30.8,28.1,T.Gwynn,4.3,80.0,26116.6625
SDP,1998,Qualcomm Stadium,67544,San Diego Padres,NL West,162,0.605,0.0,1,2555874,31.1,29.8,K.Brown,9.1,79.0,32352.835443
SDP,1999,Qualcomm Stadium,66307,San Diego Padres,NL West,162,0.457,26.0,0,2523538,29.7,28.8,R.Sanders,4.1,81.0,31154.7901235
SDP,2000,Qualcomm Stadium,66307,San Diego Padres,NL West,162,0.469,21.0,0,2352443,28.6,27.5,P.Nevin,4.1,81.0,29042.5061728
SDP,2001,Qualcomm Stadium,66307,San Diego Padres,NL West,162,0.488,13.0,0,2378128,28.9,28.7,P.Nevin,5.8,80.0,29726.6
SDP,2002,Qualcomm Stadium,66307,San Diego Padres,NL West,162,0.407,32.0,0,2220601,29.1,27.8,R.Klesko,4.2,81.0,27414.8271605
SDP,2003,Qualcomm Stadium,63890,San Diego Padres,NL West,162,0.395,36.5,0,2030084,28.5,27.8,M.Loretta,4.9,81.0,25062.7654321
SDP,2004,Petco Park,42445,San Diego Padres,NL West,162,0.537,6.0,0,3016752,29.6,30.0,M.Loretta,6.0,81.0,37243.8518519
SDP,2005,Petco Park,42445,San Diego Padres,NL West,162,0.506,0.0,1,2869787,31.1,31.0,B.Giles,4.8,81.0,35429.4691358
SDP,2006,Petco Park,42445,San Diego Padres,NL West,162,0.543,0.0,1,2659757,30.7,30.6,M.Cameron,4.3,81.0,32836.5061728
SDP,2007,Petco Park,42445,San Diego Padres,NL West,163,0.546,1.5,0,2790074,29.9,31.5,J.Peavy,6.9,81.0,34445.3580247
SDP,2008,Petco Park,42691,San Diego Padres,NL West,162,0.389,21.0,0,2427535,28.9,30.2,B.Giles,4.8,81.0,29969.5679012
SDP,2009,Petco Park,42691,San Diego Padres,NL West,162,0.463,20.0,0,1919603,28.0,26.8,A.Gonzalez,6.9,81.0,23698.8024691
SDP,2010,Petco Park,42691,San Diego Padres,NL West,162,0.556,2.0,0,2131774,29.1,27.2,A.Gonzalez,4.3,81.0,26318.1975309
SDP,2011,Petco Park,42691,San Diego Padres,NL West,162,0.438,23.0,0,2143018,28.0,28.1,C.Maybin,4.5,81.0,26457.0123457
SDP,2012,Petco Park,42691,San Diego Padres,NL West,162,0.469,18.0,0,2123721,27.4,28.0,C.Headley,6.3,81.0,26218.7777778
SDP,2013,Petco Park,42524,San Diego Padres,NL West,162,0.469,16.0,0,2166691,28.1,28.8,C.Denorfia,4.3,81.0,26749.2716049
SDP,2014,Petco Park,42302,San Diego Padres,NL West,162,0.475,17.0,0,2195373,27.9,28.8,S.Smith,3.7,81.0,27103.3703704
SDP,2015,Petco Park,41164,San Diego Padres,NL West,162,0.457,18.0,0,2459752,27.6,29.1,J.Upton,4.2,81.0,30367.308642
SDP,2016,Petco Park,40162,San Diego Padres,NL West,162,0.42,23.0,0,2351422,28.1,28.1,D.Pomeranz,3.5,81.0,29029.9012346
SEA,1990,Kingdome,58850,Seattle Mariners,AL West,162,0.475,26.0,0,1509727,27.9,26.9,E.Martinez,5.5,81.0,18638.6049383
SEA,1991,Kingdome,57748,Seattle Mariners,AL West,162,0.512,12.0,0,2147905,28.1,27.5,K.Griffey,7.1,81.0,26517.345679
SEA,1992,Kingdome,57748,Seattle Mariners,AL West,162,0.395,32.0,0,1651367,28.3,27.4,E.Martinez,6.5,81.0,20387.2469136
SEA,1993,Kingdome,57748,Seattle Mariners,AL West,162,0.506,12.0,0,2052638,28.0,28.3,K.Griffey,8.7,81.0,25341.2098765
SEA,1994,Kingdome,59166,Seattle Mariners,AL West,112,0.438,2.0,0,1104206,27.4,27.1,K.Griffey,6.9,44.0,25095.5909091
SEA,1995,Kingdome,59166,Seattle Mariners,AL West,145,0.545,0.0,1,1643203,28.7,28.8,R.Johnson,8.6,73.0,22509.630137
SEA,1996,Kingdome,59166,Seattle Mariners,AL West,161,0.528,4.5,0,2723850,28.7,27.8,K.Griffey,9.7,81.0,33627.7777778
SEA,1997,Kingdome,59166,Seattle Mariners,AL West,162,0.556,0.0,1,3192237,29.4,30.4,K.Griffey,9.1,81.0,39410.3333333
SEA,1998,Kingdome,59166,Seattle Mariners,AL West,161,0.472,11.5,0,2651511,29.8,31.3,A.Rodriguez,8.5,81.0,32734.7037037
SEA,1999,Kingdome,59166,Seattle Mariners,AL West,162,0.488,16.0,0,2916346,29.2,28.2,J.Moyer,6.6,81.0,36004.2716049
SEA,2000,Safeco Field,47116,Seattle Mariners,AL West,162,0.562,0.5,1,2914624,31.2,29.3,A.Rodriguez,10.4,81.0,35983.0123457
SEA,2001,Safeco Field,47116,Seattle Mariners,AL West,162,0.716,0.0,1,3507326,31.4,30.8,B.Boone,8.8,81.0,43300.3209877
SEA,2002,Safeco Field,47116,Seattle Mariners,AL West,162,0.574,10.0,0,3542938,31.2,30.2,J.Moyer,5.7,81.0,43739.9753086
SEA,2003,Safeco Field,47116,Seattle Mariners,AL West,162,0.574,3.0,0,3268509,31.9,29.8,B.Boone,5.9,81.0,40351.962963
SEA,2004,Safeco Field,47447,Seattle Mariners,AL West,162,0.389,29.0,0,2940731,31.5,30.4,I.Suzuki,9.1,81.0,36305.3209877
SEA,2005,Safeco Field,47447,Seattle Mariners,AL West,162,0.426,26.0,0,2725459,28.9,31.4,I.Suzuki,3.9,81.0,33647.6419753
SEA,2006,Safeco Field,47447,Seattle Mariners,AL West,162,0.481,15.0,0,2481165,28.6,28.0,A.Beltre,5.4,81.0,30631.6666667
SEA,2007,Safeco Field,47447,Seattle Mariners,AL West,162,0.543,6.0,0,2672223,29.8,28.1,I.Suzuki,5.8,81.0,32990.4074074
SEA,2008,Safeco Field,47447,Seattle Mariners,AL West,162,0.377,39.0,0,2329702,29.6,28.5,A.Beltre,5.6,81.0,28761.7530864
SEA,2009,Safeco Field,47878,Seattle Mariners,AL West,162,0.525,12.0,0,2195533,29.8,27.4,F.Gutierrez,6.6,81.0,27105.345679
SEA,2010,Safeco Field,47878,Seattle Mariners,AL West,162,0.377,29.0,0,2085630,29.4,27.1,F.Hernandez,7.1,81.0,25748.5185185
SEA,2011,Safeco Field,47878,Seattle Mariners,AL West,162,0.414,29.0,0,1896321,29.2,26.8,B.Ryan,4.0,84.0,22575.25
SEA,2012,Safeco Field,47860,Seattle Mariners,AL West,162,0.463,19.0,0,1721920,27.1,27.9,F.Hernandez,5.2,81.0,21258.2716049
SEA,2013,Safeco Field,47476,Seattle Mariners,AL West,162,0.438,25.0,0,1761546,28.5,28.0,H.Iwakuma,7.1,81.0,21747.4814815
SEA,2014,Safeco Field,47476,Seattle Mariners,AL West,162,0.537,11.0,0,2064334,27.6,29.0,F.Hernandez,6.6,81.0,25485.6049383
SEA,2015,Safeco Field,47574,Seattle Mariners,AL West,162,0.469,12.0,0,2193581,28.6,28.6,N.Cruz,5.1,81.0,27081.2469136
SEA,2016,Safeco Field,47943,Seattle Mariners,AL West,162,0.531,9.0,0,2267928,30.4,28.8,R.Cano,7.3,81.0,27999.1111111
SFG,1990,Candlestick Park,62000,San Francisco Giants,NL West,162,0.525,6.0,0,1975528,29.1,29.5,M.Williams,4.9,80.0,24694.1
SFG,1991,Candlestick Park,62000,San Francisco Giants,NL West,162,0.463,19.0,0,1737478,28.4,28.9,M.Williams,5.4,81.0,21450.345679
SFG,1992,Candlestick Park,62000,San Francisco Giants,NL West,162,0.444,26.0,0,1560998,28.1,28.2,B.Swift,4.6,79.0,19759.4683544
SFG,1993,Candlestick Park,58000,San Francisco Giants,NL West,162,0.636,1.0,0,2606354,28.0,28.5,B.Bonds,9.9,81.0,32177.2098765
SFG,1994,Candlestick Park,58000,San Francisco Giants,NL West,115,0.478,3.5,0,1704608,28.4,28.5,B.Bonds,6.2,59.0,28891.6610169
SFG,1995,Candlestick Park,58000,San Francisco Giants,NL West,144,0.465,11.0,0,1241500,28.8,28.6,B.Bonds,7.5,72.0,17243.0555556
SFG,1996,Candlestick Park,58000,San Francisco Giants,NL West,162,0.42,23.0,0,1413922,28.9,28.4,B.Bonds,9.6,80.0,17674.025
SFG,1997,Candlestick Park,58000,San Francisco Giants,NL West,162,0.556,0.0,1,1690869,29.6,28.9,B.Bonds,8.1,80.0,21135.8625
SFG,1998,Candlestick Park,58000,San Francisco Giants,NL West,163,0.546,9.5,0,1925364,30.7,31.8,B.Bonds,8.1,80.0,24067.05
SFG,1999,Candlestick Park,58000,San Francisco Giants,NL West,162,0.531,14.0,0,2078399,30.2,28.6,B.Bonds,3.8,81.0,25659.2469136
SFG,2000,AT&T Park,40930,San Francisco Giants,NL West,162,0.599,0.0,1,3318800,29.9,28.5,B.Bonds,7.7,81.0,40972.8395062
SFG,2001,AT&T Park,41059,San Francisco Giants,NL West,162,0.556,2.0,0,3311958,31.5,29.2,B.Bonds,11.9,81.0,40888.3703704
SFG,2002,AT&T Park,41059,San Francisco Giants,NL West,162,0.59,2.5,1,3253203,32.1,29.2,B.Bonds,11.8,81.0,40163.0
SFG,2003,AT&T Park,41503,San Francisco Giants,NL West,161,0.621,0.0,1,3264898,32.1,28.6,B.Bonds,9.2,81.0,40307.382716
SFG,2004,AT&T Park,41503,San Francisco Giants,NL West,162,0.562,2.0,0,3256854,31.6,30.1,B.Bonds,10.6,81.0,40208.0740741
SFG,2005,AT&T Park,41584,San Francisco Giants,NL West,162,0.463,7.0,0,3181023,32.2,30.0,N.Lowry,4.8,81.0,39271.8888889
SFG,2006,AT&T Park,41606,San Francisco Giants,NL West,161,0.472,11.5,0,3130313,33.6,28.7,J.Schmidt,4.0,81.0,38645.8395062
SFG,2007,AT&T Park,41915,San Francisco Giants,NL West,162,0.438,19.0,0,3223215,32.7,27.3,M.Cain,4.3,81.0,39792.7777778
SFG,2008,AT&T Park,41915,San Francisco Giants,NL West,162,0.444,12.0,0,2863837,29.6,27.1,T.Lincecum,8.0,81.0,35356.0123457
SFG,2009,AT&T Park,41915,San Francisco Giants,NL West,162,0.543,7.0,0,2862110,29.0,28.7,T.Lincecum,7.5,81.0,35334.691358
SFG,2010,AT&T Park,41915,San Francisco Giants,NL West,162,0.568,0.0,2,3037443,29.6,27.9,A.Huff,5.7,81.0,37499.2962963
SFG,2011,AT&T Park,41915,San Francisco Giants,NL West,162,0.531,8.0,0,3387303,30.2,28.5,P.Sandoval,6.1,81.0,41818.5555556
SFG,2012,AT&T Park,41915,San Francisco Giants,NL West,162,0.58,0.0,2,3377371,27.8,30.0,B.Posey,7.3,81.0,41695.9382716
SFG,2013,AT&T Park,41915,San Francisco Giants,NL West,162,0.469,16.0,0,3369106,28.7,29.6,B.Posey,4.9,81.0,41593.9012346
SFG,2014,AT&T Park,41915,San Francisco Giants,NL West,162,0.543,6.0,2,3368697,28.6,31.7,M.Bumgarner,5.4,81.0,41588.8518519
SFG,2015,AT&T Park,41915,San Francisco Giants,NL West,162,0.519,8.0,0,3375882,28.9,31.5,M.Bumgarner,6.2,81.0,41677.5555556
SFG,2016,AT&T Park,41915,San Francisco Giants,NL West,162,0.537,4.0,1,3365256,29.1,30.0,M.Bumgarner,5.8,81.0,41546.3703704
STL,1990,Busch Memorial Stadium,54727,St. Louis Cardinals,NL East,162,0.432,25.0,0,2573225,29.4,29.8,W.McGee,4.4,81.0,31768.2098765
STL,1991,Busch Memorial Stadium,54727,St. Louis Cardinals,NL East,162,0.519,14.0,0,2448699,28.5,29.4,O.Smith,5.0,82.0,29862.1829268
STL,1992,Busch Memorial Stadium,54727,St. Louis Cardinals,NL East,162,0.512,13.0,0,2418483,28.6,28.7,B.Tewksbury,6.2,80.0,30231.0375
STL,1993,Busch Memorial Stadium,54727,St. Louis Cardinals,NL East,162,0.537,10.0,0,2844977,28.0,28.7,G.Jefferies,5.1,81.0,35123.1728395
STL,1994,Busch Memorial Stadium,54727,St. Louis Cardinals,NL Central,115,0.465,13.0,0,1866544,28.9,29.4,M.Whiten,3.1,54.0,34565.6296296
STL,1995,Busch Memorial Stadium,57078,St. Louis Cardinals,NL Central,143,0.434,22.5,0,1756727,28.7,30.2,B.Jordan,5.1,72.0,24398.9861111
STL,1996,Busch Memorial Stadium,57673,St. Louis Cardinals,NL Central,162,0.543,0.0,1,2654718,30.7,30.9,B.Jordan,5.4,81.0,32774.2962963
STL,1997,Busch Memorial Stadium,49676,St. Louis Cardinals,NL Central,162,0.451,11.0,0,2634014,30.0,29.5,R.Lankford,5.2,81.0,32518.691358
STL,1998,Busch Memorial Stadium,49676,St. Louis Cardinals,NL Central,163,0.512,19.0,0,3195691,30.5,28.9,M.McGwire,7.5,80.0,39946.1375
STL,1999,Busch Memorial Stadium,49676,St. Louis Cardinals,NL Central,161,0.466,21.5,0,3225334,28.7,28.6,M.McGwire,5.2,79.0,40827.0126582
STL,2000,Busch Memorial Stadium,49676,St. Louis Cardinals,NL Central,162,0.586,0.0,1,3336493,29.7,29.3,J.Edmonds,6.3,81.0,41191.2716049
STL,2001,Busch Memorial Stadium,50354,St. Louis Cardinals,NL Central,162,0.574,0.0,1,3109578,28.8,29.3,A.Pujols,6.6,81.0,38389.8518519
STL,2002,Busch Memorial Stadium,50354,St. Louis Cardinals,NL Central,162,0.599,0.0,1,3011756,29.0,30.2,J.Edmonds,6.7,81.0,37182.1728395
STL,2003,Busch Memorial Stadium,50354,St. Louis Cardinals,NL Central,162,0.525,3.0,0,2910386,29.9,31.2,A.Pujols,8.6,81.0,35930.691358
STL,2004,Busch Memorial Stadium,50345,St. Louis Cardinals,NL Central,162,0.648,0.0,1,3048427,30.6,30.1,S.Rolen,9.1,81.0,37634.9012346
STL,2005,Busch Memorial Stadium,50345,St. Louis Cardinals,NL Central,162,0.617,0.0,1,3538988,30.8,29.7,A.Pujols,8.4,81.0,43691.2098765
STL,2006,Busch Stadium,43975,St. Louis Cardinals,NL Central,161,0.516,0.0,2,3407104,29.6,28.6,A.Pujols,8.4,80.0,42588.8
STL,2007,Busch Stadium,43975,St. Louis Cardinals,NL Central,162,0.481,7.0,0,3552180,30.2,29.6,A.Pujols,8.7,81.0,43854.0740741
STL,2008,Busch Stadium,43975,St. Louis Cardinals,NL Central,162,0.531,11.5,0,3432917,28.8,30.2,A.Pujols,9.2,81.0,42381.691358
STL,2009,Busch Stadium,43975,St. Louis Cardinals,NL Central,162,0.562,0.0,1,3343252,28.5,30.1,A.Pujols,9.7,81.0,41274.7160494
STL,2010,Busch Stadium,43975,St. Louis Cardinals,NL Central,162,0.531,5.0,0,3301218,28.8,30.2,A.Pujols,7.5,81.0,40755.7777778
STL,2011,Busch Stadium,43975,St. Louis Cardinals,NL Central,162,0.556,6.0,2,3093954,29.3,30.2,A.Pujols,5.3,81.0,38196.962963
STL,2012,Busch Stadium,43975,St. Louis Cardinals,NL Central,162,0.543,9.0,1,3262109,29.2,28.6,Y.Molina,6.9,81.0,40272.9506173
STL,2013,Busch Stadium,43975,St. Louis Cardinals,NL Central,162,0.599,0.0,1,3369769,28.7,26.9,A.Wainwright,6.8,81.0,41602.0864198
STL,2014,Busch Stadium,45399,St. Louis Cardinals,NL Central,162,0.556,0.0,1,3540649,28.6,27.2,A.Wainwright,6.3,81.0,43711.7160494
STL,2015,Busch Stadium,45399,St. Louis Cardinals,NL Central,162,0.617,0.0,1,3520889,28.4,28.2,J.Heyward,6.6,81.0,43467.7654321
STL,2016,Busch Stadium,45538,St. Louis Cardinals,NL Central,162,0.531,17.5,0,3444490,28.5,28.0,C.Martinez,5.8,81.0,42524.5679012
TBD,1998,Tropicana,45369,Tampa Bay Devil Rays,AL East,162,0.389,51.0,0,2506293,29.0,27.9,R.Arrojo,4.1,81.0,30941.8888889
TBD,1999,Tropicana,44027,Tampa Bay Devil Rays,AL East,162,0.426,29.0,0,1562827,30.1,29.6,F.McGriff,4.0,81.0,19294.1604938
TBD,2000,Tropicana,44445,Tampa Bay Devil Rays,AL East,161,0.429,18.0,0,1449673,30.1,29.3,A.Lopez,3.3,80.0,18120.9125
TBD,2001,Tropicana,44445,Tampa Bay Devil Rays,AL East,162,0.383,34.0,0,1298365,28.0,26.9,T.Sturtze,3.3,81.0,16029.1975309
TBD,2002,Tropicana,43772,Tampa Bay Devil Rays,AL East,161,0.342,48.0,0,1065742,27.0,26.9,R.Winn,4.9,81.0,13157.308642
TBD,2003,Tropicana,43772,Tampa Bay Devil Rays,AL East,162,0.389,38.0,0,1058695,26.4,26.4,A.Huff,4.0,81.0,13070.308642
TBD,2004,Tropicana,43772,Tampa Bay Devil Rays,AL East,161,0.435,30.5,0,1274911,28.1,27.5,C.Crawford,4.9,79.0,16138.1139241
TBD,2005,Tropicana,43772,Tampa Bay Devil Rays,AL East,162,0.414,28.0,0,1141669,27.5,27.4,C.Crawford,4.4,81.0,14094.6790123
TBD,2006,Tropicana,43772,Tampa Bay Devil Rays,AL East,162,0.377,36.0,0,1368950,27.3,27.0,C.Crawford,4.5,81.0,16900.617284
TBD,2007,Tropicana,38437,Tampa Bay Devil Rays,AL East,162,0.407,30.0,0,1387603,26.1,27.0,C.Pena,7.2,81.0,17130.9012346
TBR,2008,Tropicana,36048,Tampa Bay Rays,AL East,162,0.599,0.0,1,1811986,27.2,27.5,C.Pena,5.1,81.0,22370.1975309
TBR,2009,Tropicana,36973,Tampa Bay Rays,AL East,162,0.519,19.0,0,1874962,28.0,28.4,B.Zobrist,8.6,81.0,23147.6790123
TBR,2010,Tropicana,36973,Tampa Bay Rays,AL East,162,0.593,0.0,1,1864999,27.7,28.0,E.Longoria,8.1,81.0,23024.6790123
TBR,2011,Tropicana,34078,Tampa Bay Rays,AL East,162,0.562,6.0,1,1529188,28.3,27.8,B.Zobrist,8.7,81.0,18878.8641975
TBR,2012,Tropicana,34078,Tampa Bay Rays,AL East,162,0.556,5.0,0,1559681,29.7,28.1,D.Price,7.0,81.0,19255.3209877
TBR,2013,Tropicana,34078,Tampa Bay Rays,AL East,163,0.564,5.5,1,1510300,29.6,29.0,E.Longoria,6.2,81.0,18645.6790123
TBR,2014,Tropicana,31042,Tampa Bay Rays,AL East,162,0.475,19.0,0,1446464,29.3,28.4,B.Zobrist,5.1,81.0,17857.5802469
TBR,2015,Tropicana,31042,Tampa Bay Rays,AL East,162,0.494,13.0,0,1287054,28.4,26.7,K.Kiermaier,7.4,84.0,15322.0714286
TBR,2016,Tropicana,31042,Tampa Bay Rays,AL East,162,0.42,25.0,0,1286163,27.7,26.9,K.Kiermaier,5.5,81.0,15878.5555556
TEX,1990,Arlington Stadium,43508,Texas Rangers,AL West,162,0.512,20.0,0,2057911,27.6,30.3,J.Franco,6.8,81.0,25406.308642
TEX,1991,Arlington Stadium,43521,Texas Rangers,AL West,162,0.525,10.0,0,2297720,27.8,29.0,J.Franco,6.2,79.0,29085.0632911
TEX,1992,Arlington Stadium,43521,Texas Rangers,AL West,162,0.475,19.0,0,2198231,27.4,29.6,K.Brown,4.8,80.0,27477.8875
TEX,1993,Arlington Stadium,43521,Texas Rangers,AL West,162,0.531,8.0,0,2244616,27.8,30.3,R.Palmeiro,6.9,79.0,28412.8607595
TEX,1994,Globe Life Park,49292,Texas Rangers,AL West,114,0.456,0.0,0,2503198,27.5,29.0,W.Clark,3.6,62.0,40374.1612903
TEX,1995,Globe Life Park,49292,Texas Rangers,AL West,144,0.514,4.5,0,1985910,29.2,30.6,K.Rogers,5.8,72.0,27582.0833333
TEX,1996,Globe Life Park,49178,Texas Rangers,AL West,163,0.556,0.0,1,2889020,29.5,30.5,K.Hill,6.6,80.0,36112.75
TEX,1997,Globe Life Park,49166,Texas Rangers,AL West,162,0.475,13.0,0,2945228,28.4,29.7,I.Rodriguez,6.5,80.0,36815.35
TEX,1998,Globe Life Park,49166,Texas Rangers,AL West,162,0.543,0.0,1,2927399,30.0,29.9,I.Rodriguez,6.4,81.0,36140.7283951
TEX,1999,Globe Life Park,49166,Texas Rangers,AL West,162,0.586,0.0,1,2771469,30.7,30.1,I.Rodriguez,6.4,80.0,34643.3625
TEX,2000,Globe Life Park,49115,Texas Rangers,AL West,162,0.438,20.5,0,2588401,29.4,28.7,K.Rogers,5.1,80.0,32355.0125
TEX,2001,Globe Life Park,49115,Texas Rangers,AL West,162,0.451,43.0,0,2831021,29.8,28.5,A.Rodriguez,8.3,81.0,34950.8765432
TEX,2002,Globe Life Park,49115,Texas Rangers,AL West,162,0.444,31.0,0,2352397,29.0,29.7,A.Rodriguez,8.8,80.0,29404.9625
TEX,2003,Globe Life Park,49115,Texas Rangers,AL West,162,0.438,25.0,0,2094394,28.4,28.1,A.Rodriguez,8.4,81.0,25856.7160494
TEX,2004,Globe Life Park,49115,Texas Rangers,AL West,162,0.549,3.0,0,2513685,27.9,30.6,R.Drese,5.1,79.0,31818.7974684
TEX,2005,Globe Life Park,49115,Texas Rangers,AL West,162,0.488,16.0,0,2525221,28.1,30.5,M.Teixeira,7.2,80.0,31565.2625
TEX,2006,Globe Life Park,48911,Texas Rangers,AL West,162,0.494,13.0,0,2388757,28.4,28.3,G.Matthews,5.2,81.0,29490.8271605
TEX,2007,Globe Life Park,48911,Texas Rangers,AL West,162,0.463,19.0,0,2353862,29.3,27.7,I.Kinsler,4.1,79.0,29795.721519
TEX,2008,Globe Life Park,48911,Texas Rangers,AL West,162,0.488,21.0,0,1945677,27.7,28.1,J.Hamilton,5.4,80.0,24320.9625
TEX,2009,Globe Life Park,49170,Texas Rangers,AL West,162,0.537,10.0,0,2156016,27.8,27.7,I.Kinsler,6.0,78.0,27641.2307692
TEX,2010,Globe Life Park,49170,Texas Rangers,AL West,162,0.556,0.0,1,2505171,28.3,27.6,J.Hamilton,8.7,81.0,30928.037037
TEX,2011,Globe Life Park,49170,Texas Rangers,AL West,162,0.593,0.0,1,2946949,29.2,28.8,I.Kinsler,7.1,81.0,36382.0864198
TEX,2012,Globe Life Park,48194,Texas Rangers,AL West,162,0.574,1.0,1,3460280,29.7,28.8,A.Beltre,7.2,81.0,42719.5061728
TEX,2013,Globe Life Park,48114,Texas Rangers,AL West,163,0.558,5.5,0,3178273,29.5,27.9,A.Beltre,5.6,82.0,38759.4268293
TEX,2014,Globe Life Park,48114,Texas Rangers,AL West,162,0.414,31.0,0,2718733,28.4,27.9,A.Beltre,6.8,81.0,33564.6049383
TEX,2015,Globe Life Park,48114,Texas Rangers,AL West,162,0.543,0.0,1,2491875,28.6,28.1,A.Beltre,5.8,81.0,30763.8888889
TEX,2016,Globe Life Park,48114,Texas Rangers,AL West,162,0.586,0.0,1,2710402,28.4,28.8,A.Beltre,6.5,81.0,33461.7530864
TOR,1990,Rogers Centre,50516,Toronto Blue Jays,AL East,162,0.531,2.0,0,3885284,27.0,29.0,D.Stieb,5.9,81.0,47966.4691358
TOR,1991,Rogers Centre,50516,Toronto Blue Jays,AL East,162,0.562,0.0,1,4001527,27.6,28.2,D.White,6.3,81.0,49401.5679012
TOR,1992,Rogers Centre,50516,Toronto Blue Jays,AL East,162,0.593,0.0,2,4028318,29.3,30.0,R.Alomar,6.6,81.0,49732.3209877
TOR,1993,Rogers Centre,50516,Toronto Blue Jays,AL East,162,0.586,0.0,2,4057947,29.2,29.5,J.Olerud,7.7,81.0,50098.1111111
TOR,1994,Rogers Centre,50516,Toronto Blue Jays,AL East,115,0.478,16.0,0,2907933,29.3,29.0,P.Hentgen,5.4,59.0,49287.0
TOR,1995,Rogers Centre,50516,Toronto Blue Jays,AL East,144,0.389,30.0,0,2826483,28.9,28.7,A.Leiter,5.7,72.0,39256.7083333
TOR,1996,Rogers Centre,50516,Toronto Blue Jays,AL East,162,0.457,18.0,0,2559573,28.6,28.3,P.Hentgen,8.6,81.0,31599.6666667
TOR,1997,Rogers Centre,50516,Toronto Blue Jays,AL East,162,0.469,22.0,0,2589297,29.5,28.8,R.Clemens,12.2,81.0,31966.6296296
TOR,1998,Rogers Centre,50516,Toronto Blue Jays,AL East,163,0.543,26.0,0,2454303,29.0,30.3,R.Clemens,8.1,81.0,30300.037037
TOR,1999,Rogers Centre,45100,Toronto Blue Jays,AL East,162,0.519,14.0,0,2163464,28.3,27.9,S.Green,6.4,81.0,26709.4320988
TOR,2000,Rogers Centre,45100,Toronto Blue Jays,AL East,162,0.512,4.5,0,1705712,28.2,28.9,C.Delgado,7.3,81.0,21058.1728395
TOR,2001,Rogers Centre,45100,Toronto Blue Jays,AL East,162,0.494,16.0,0,1915438,28.3,28.5,C.Delgado,4.5,81.0,23647.382716
TOR,2002,Rogers Centre,45100,Toronto Blue Jays,AL East,162,0.481,25.5,0,1637900,27.2,27.4,R.Halladay,7.2,81.0,20220.9876543
TOR,2003,Rogers Centre,50516,Toronto Blue Jays,AL East,162,0.531,15.0,0,1799458,28.4,29.0,R.Halladay,8.1,81.0,22215.5308642
TOR,2004,Rogers Centre,50516,Toronto Blue Jays,AL East,161,0.416,33.5,0,1900041,28.0,28.6,O.Hudson,5.2,81.0,23457.2962963
TOR,2005,Rogers Centre,50598,Toronto Blue Jays,AL East,162,0.494,15.0,0,2014995,28.0,28.2,R.Halladay,5.5,81.0,24876.4814815
TOR,2006,Rogers Centre,50598,Toronto Blue Jays,AL East,162,0.537,10.0,0,2302212,28.6,28.1,V.Wells,6.2,81.0,28422.3703704
TOR,2007,Rogers Centre,48900,Toronto Blue Jays,AL East,162,0.512,13.0,0,2360644,30.3,27.3,A.Rios,5.6,81.0,29143.7530864
TOR,2008,Rogers Centre,49539,Toronto Blue Jays,AL East,162,0.531,11.0,0,2399786,30.9,28.6,R.Halladay,6.2,81.0,29626.9876543
TOR,2009,Rogers Centre,49539,Toronto Blue Jays,AL East,162,0.463,28.0,0,1876129,29.9,28.4,R.Halladay,6.9,81.0,23162.0864198
TOR,2010,Rogers Centre,49539,Toronto Blue Jays,AL East,162,0.525,11.0,0,1495482,29.3,28.0,J.Bautista,6.9,78.0,19172.8461538
TOR,2011,Rogers Centre,49260,Toronto Blue Jays,AL East,162,0.5,16.0,0,1818103,28.4,27.6,J.Bautista,8.1,81.0,22445.7160494
TOR,2012,Rogers Centre,49260,Toronto Blue Jays,AL East,162,0.451,22.0,0,2099663,27.9,27.8,E.Encarnacion,5.0,81.0,25921.7654321
TOR,2013,Rogers Centre,49282,Toronto Blue Jays,AL East,162,0.457,23.0,0,2536562,29.1,30.9,C.Rasmus,4.8,81.0,31315.5802469
TOR,2014,Rogers Centre,49282,Toronto Blue Jays,AL East,162,0.512,13.0,0,2375525,29.2,29.6,J.Bautista,6.2,81.0,29327.4691358
TOR,2015,Rogers Centre,49282,Toronto Blue Jays,AL East,162,0.574,0.0,1,2794891,29.5,29.2,J.Donaldson,8.5,81.0,34504.8271605
TOR,2016,Rogers Centre,49282,Toronto Blue Jays,AL East,162,0.549,4.0,1,3392099,30.1,29.8,J.Donaldson,7.5,81.0,41877.7654321
WSN,2005,RFK Memorial Stadium,45596,Washington Nationals,NL East,162,0.5,9.0,0,2731993,29.3,28.9,J.Patterson,4.5,81.0,33728.308642
WSN,2006,RFK Memorial Stadium,45596,Washington Nationals,NL East,162,0.438,26.0,0,2153056,28.5,28.9,A.Soriano,6.1,81.0,26580.9382716
WSN,2007,RFK Memorial Stadium,45596,Washington Nationals,NL East,162,0.451,16.0,0,1943812,27.9,27.5,R.Zimmerman,4.6,81.0,23997.6790123
WSN,2008,Nationals Park,41888,Washington Nationals,NL East,161,0.366,32.5,0,2320400,27.7,27.3,C.Guzman,4.6,80.0,29005.0
WSN,2009,Nationals Park,41888,Washington Nationals,NL East,162,0.364,34.0,0,1817226,28.4,27.4,R.Zimmerman,7.3,80.0,22715.325
WSN,2010,Nationals Park,41546,Washington Nationals,NL East,162,0.426,28.0,0,1828066,29.1,28.0,R.Zimmerman,6.2,81.0,22568.7160494
WSN,2011,Nationals Park,41546,Washington Nationals,NL East,161,0.497,21.5,0,1940478,28.4,27.6,T.Clippard,3.4,78.0,24877.9230769
WSN,2012,Nationals Park,41487,Washington Nationals,NL East,162,0.605,0.0,1,2370794,27.2,27.0,J.Zimmermann,5.4,79.0,30010.0506329
WSN,2013,Nationals Park,41418,Washington Nationals,NL East,162,0.531,10.0,0,2652422,27.7,27.7,J.Werth,4.7,81.0,32745.9506173
WSN,2014,Nationals Park,41418,Washington Nationals,NL East,162,0.593,0.0,1,2579389,28.8,28.3,A.Rendon,6.5,81.0,31844.308642
WSN,2015,Nationals Park,41418,Washington Nationals,NL East,162,0.512,7.0,0,2619843,28.4,28.6,B.Harper,10.1,81.0,32343.7407407
WSN,2016,Nationals Park,41313,Washington Nationals,NL East,162,0.586,0.0,1,2481938,28.8,29.1,M.Scherzer,6.1,81.0,30641.2098765
